Latin_Name,Common_Name,Plant_Type,Season,Climate_Appropriate_Plants,Water_Needs,Family_Name,Habitat_Value
Abutilon palmeri,Indian Mallow,Shrub (evergreen),Spring,CA Native,None,Malvaceae,Pollinator
Acacia cognata 'Cousin Itt',Bower Wattle,Shrub (evergreen),Spring,Exotic,Low,Mimosaceae,None
Acer circinatum,Vine maple tree,Tree (evergreen),Spring,CA Native,Moderate,Sapindaceae,Cover
Acer macrophyllum,Bigleaf Maple,Tree (deciduous),Spring,CA Native,Moderate,Sapindaceae,Pollinator
Acer negundo,Box Elder,Tree (deciduous),Spring,SF Native,Moderate,Sapindaceae,Buds/greens
Achillea clavennae,Silver yarrow,Perennial,Summer,Exotic,Low,Asteraceae,Pollinator
Achillea clavennae,Silver yarrow,Perennial,Fall,Exotic,Low,Asteraceae,Pollinator
Achillea filipendulina,Fernleaf Yarrow,Perennial,Summer,Exotic,Low,Asteraceae,Pollinator
Achillea filipendulina,Fernleaf Yarrow,Perennial,Fall,Exotic,Low,Asteraceae,Pollinator
Achillea millefolium,Yarrow,Perennial,Spring,SF Native,None,Sapindaceae,Buds/greens
Achillea millefolium,Yarrow,Perennial,Summer,SF Native,None,Sapindaceae,Buds/greens
Achillea spp.,Yarrow,Perennial,Unknown,Exotic,Low,Asteraceae,Pollinator
Acmispon glaber,Deerweed,Perennial,Spring,SF Native,None,Fabaceae,Buds/greens
Acmispon glaber,Deerweed,Perennial,Summer,SF Native,None,Fabaceae,Buds/greens
Adenanthos spp.,Woolly Bush,Shrub (evergreen),Unknown,Exotic,Low,Proteaceae,None
Adiantum jordanii,California maidenhair fern,Fern,Unknown,SF Native,Moderate,Pteridaceae,None
Aeonium decorum varieties,Green pinwheel,Succulent,Summer,Exotic,Low,Crassulaceae,None
Aeonium spp.,Canary Island Rose,Shrub (evergreen),Unknown,Exotic,Low,Crassulaceae,None
Aesculus californica,California Buckeye,Tree (deciduous),Summer,SF Native,None,Sapindaceae,Pollinator
Afrocarpus falcatus,Fern Pine,Tree (evergreen),Unknown,Exotic,Low,Podocarpaceae,None
Agave attenuata 'Nova',Nova,Succulent,Unknown,Exotic,Low,Agavaceae,None
Agave bracteosa 'Mediopicta Alba','Mediopicta Alba' Squid,Succulent,Unknown,Exotic,Low,Agavaceae,None
Agave spp.,Agave,Shrub (evergreen),Unknown,CA Native,None,Agavaceae,None
Agrostis exarata,bentgrass,Grass,Spring,SF Native,Low,Poaceae,None
Agrostis hallii,Hall's bentgrass,Grass,Spring,SF Native,None,Poaceae,None
Agrostis hallii,Hall's bentgrass,Grass,Summer,SF Native,None,Poaceae,None
Agrostis pallens,Bentgrass,Grass,Spring,SF Native,Low,Poaceae,None
Alcea rosea,Hollyhock,Perennial,Summer,Other,Low,Malvaceae,Buds/greens
Alnus rhombifolia,White Alder,Tree (deciduous),Fall,CA Native,Moderate,Betulaceae,Pollinator
Aloe 'Johnson's hybrid','Johnson's hybrid',Succulent,Spring,Exotic,Low,Aloeaceae,None
Aloe 'Johnson's hybrid','Johnson's hybrid',Succulent,Summer,Exotic,Low,Aloeaceae,None
Aloe 'Johnson's hybrid','Johnson's hybrid',Succulent,Fall,Exotic,Low,Aloeaceae,None
Aloe 'Johnson's hybrid','Johnson's hybrid',Succulent,Winter,Exotic,Low,Aloeaceae,None
Aloe spp.,Aloe,Shrub (evergreen),Unknown,Exotic,Low,Aloeaceae,Pollinator
Alopecurus saccatus,Pacific foxtail,Grass,Spring,CA Native,Low,Poaceae,None
Alyogyne  huegelii,Blue Hibiscus,Shrub (evergreen),Spring,Exotic,Low,Malvaceae,Pollinator
Alyogyne  huegelii,Blue Hibiscus,Shrub (evergreen),Summer,Exotic,Low,Malvaceae,Pollinator
Alyogyne  huegelii,Blue Hibiscus,Shrub (evergreen),Fall,Exotic,Low,Malvaceae,Pollinator
Alyogyne  huegelii,Blue Hibiscus,Shrub (evergreen),Winter,Exotic,Low,Malvaceae,Pollinator
Amelanchier spp.,Western Service Berry,Shrub (deciduous),Summer,SF Native,Low,Rosaceae,Fruit
Amsinckia spectabilis,Coast Fiddleneck,Perennial,Spring,SF Native,None,Boraginaceae,Buds/greens
Anaphalis margaritacea,Pearly Everlasting,Perennial,Summer,SF Native,None,Asteraceae,Buds/greens
Anemone x hybrida,Japanese Anemon,Perennial,Summer,Exotic,Low,Ranunculaceae,Pollinator
Anemone x hybrida,Japanese Anemon,Perennial,Fall,Exotic,Low,Ranunculaceae,Pollinator
Angelica hendersonii,Coast Angelica,Perennial,Summer,SF Native,None,Apiaceae,Buds/greens
Anigozanthos hybrids,Kangaroo Paw,Perennial,Unknown,Exotic,Low,Haemodoraceae,None
Anigozanthos spp.,Kangaroo Paw,Perennial,Unknown,Exotic,Low,Haemodoraceae,Pollinator
Aquilegia formosa,Western Columbine,Perennial,Spring,SF Native,Low,Ranunculaceae,Buds/greens
Arabis blepharophylla,Coast rock cress,Perennial,Spring,SF Native,Low,Brassicaceae,Pollinator
Arbutus 'Marina',Marina Strawberry Tree,Tree (evergreen),Fall,Exotic,Low,Ericaceae,None
Arbutus 'Marina',Marina Strawberry Tree,Tree (evergreen),Winter,Exotic,Low,Ericaceae,None
Arbutus menziesii,Madrone,Tree (evergreen),Spring,SF Native,Low,Ericaceae,Cover
Arctostaphylos 'Emerald Carpet',Emerald Carpet,Shrub (evergreen),Spring,CA Native,None,Ericaceae,None
Arctostaphylos 'Emerald Carpet',Emerald Carpet,Shrub (evergreen),Winter,CA Native,None,Ericaceae,None
Arctostaphylos spp.,Manzanita,Shrub (evergreen),Unknown,CA Native,Low,Ericaceae,Pollinator
Arctostaphylos uva ursi 'Radiant',Radiant Bearberry,Shrub (evergreen),Spring,CA Native,None,Ericaceae,Pollinator
Arctostaphylos uva ursi 'Radiant',Radiant Bearberry,Shrub (evergreen),Winter,CA Native,None,Ericaceae,Pollinator
Arctotis hybrids,African Daisy,Perennial,Spring,Exotic,Low,Asteraceae,None
Arctotis hybrids,African Daisy,Perennial,Summer,Exotic,Low,Asteraceae,None
Aristolochia californica,Dutchman's Pipevine,Vine,Spring,SF Native,Low,Aristolochiaceae,Buds/greens
Aristolochia californica,Dutchman's Pipevine,Vine,Winter,SF Native,Low,Aristolochiaceae,Buds/greens
Armeria maritima var. californica,Sea Thrift,Perennial,Summer,SF Native,None,Plumbaginaceae,Pollinator
Artemisia californica,California Sagebrush,Shrub (evergreen),Summer,SF Native,None,Asteraceae,Cover
Artemisia douglasiana,Mugwort,Perennial,Summer,SF Native,Low,Asteraceae,None
Artemisia douglasiana,Mugwort,Perennial,Fall,SF Native,Low,Asteraceae,None
Artemisia 'Powis Castle',Silver Sage,Perennial,Unknown,Exotic,Low,Asteraceae,Pollinator
Artemisia pycnocephala,Dune Sagewort,Shrub (evergreen),Summer,SF Native,None,Asteraceae,Cover
Artemisia pycnocephala 'David's Choice',Sandhill sage,Perennial,Spring,CA Native,None,Asteraceae,None
Artemisia pycnocephala 'David's Choice',Sandhill sage,Perennial,Summer,CA Native,None,Asteraceae,None
Artemisia schmidtiana 'Silvermound',"Angel's Hair""",Perennial,Summer,Exotic,Low,Asteraceae,Pollinator
Artemisia tridentata,Big Sagebrush,Shrub (evergreen),Summer,CA Native,None,Asteraceae,None
Arum italicum,Italian Arum,Perennial,Spring,Exotic,None,Araceae,None
Arum italicum,Italian Arum,Perennial,Summer,Exotic,None,Araceae,None
Asarum caudatum,Wild Ginger,Perennial,Spring,CA Native,Moderate,Aristolochiaceae,Cover
Asplenium scolopendrium,Hart's Tongue Fern,Fern,Unknown,Exotic,Low,Aspleniaceae,None
Baccharis pilularis,Coyotebrush,Shrub (evergreen),Fall,SF Native,None,Asteraceae,Cover
Baccharis pilularis 'Twin Peaks',Coyotebrush prostrate form,Shrub (evergreen),Unknown,SF Native,None,Asteraceae,Buds/greens
Baccharis salicifolia,mule-fat,Shrub (evergreen),Spring,CA Native,Low,Asteraceae,Cover
Baccharis salicifolia,mule-fat,Shrub (evergreen),Summer,CA Native,Low,Asteraceae,Cover
Baccharis salicifolia,mule-fat,Shrub (evergreen),Fall,CA Native,Low,Asteraceae,Cover
Baccharis salicifolia,mule-fat,Shrub (evergreen),Winter,CA Native,Low,Asteraceae,Cover
Ballota pseudodictamnus,Grecian Horehound,Perennial,Summer,Exotic,None,Lamiaceae,None
Banksia spp.,Banksia,Shrub (evergreen),Unknown,Exotic,Low,Proteaceae,Pollinator
Berberis aquifolium,barberry;Mountain grape,Shrub (evergreen),Spring,CA Native,Low,Berberidaceae,Fruit
Berberis aquifolium,barberry;Mountain grape,Shrub (evergreen),Winter,CA Native,Low,Berberidaceae,Fruit
Berberis aquifolium repens,creeping Oregon grape,Shrub (evergreen),Spring,CA Native,Low,Berberidaceae,Fruit
Berberis pinnata,Coast Barberry,Shrub (evergreen),Spring,SF Native,Low,Berberidaceae,Buds/greens
Berberis thunbergii,Japanese barberry,Shrub (deciduous),Spring,Exotic,Low,Berberidaceae,Fruit
Bidens aurea,Arizona beggarticks,Perennial,Summer,Exotic,Low,Asteraceae,Pollinator
Bidens aurea,Arizona beggarticks,Perennial,Fall,Exotic,Low,Asteraceae,Pollinator
Billardiera heterophylla,Australian Bluebell Creeper,Shrub (evergreen),Spring,Exotic,None,Pittosporaceae,Pollinator
Billardiera heterophylla,Australian Bluebell Creeper,Shrub (evergreen),Summer,Exotic,None,Pittosporaceae,Pollinator
Billardiera heterophylla,Australian Bluebell Creeper,Shrub (evergreen),Fall,Exotic,None,Pittosporaceae,Pollinator
Blechnum spicant,Deer Fern,Fern,Unknown,CA Native,Low,Blechnaceae,None
Bolboschoenus robustus,Alkali Bulrush / Sturdy Bulrush,Perennial,Summer,SF Native,Moderate,Cyperaceae,Fruit
Borago officinalis,Borage,Annual,Spring,Exotic,None,Boraginaceae,Pollinator
Bougainvillea spp.,Bougainvillea,Vine,Unknown,Exotic,Low,Nyctaginaceae,Cover
Bouteloua dactyloides,Buffalo Grass,Perennial,Spring,Exotic,Low,Poaceae,None
Bouteloua gracilis,blue grama,Grass,Summer,CA Native,None,Poaceae,None
Brodiaea spp.,Brodiaea,Perennial,Unknown,CA Native,None,Themidaceae,None
Bromus carinatus,California Brome,Grass,Winter,SF Native,None,Poaceae,Cover
Bromus laevipes,Woodland Brome,Grass,Summer,CA Native,None,Poaceae,Pollinator
Bulbine frutescens,Stalked bulbine,Shrub (evergreen),Spring,Exotic,Low,Asphodelaceae,None
Bulbine frutescens,Stalked bulbine,Shrub (evergreen),Summer,Exotic,Low,Asphodelaceae,None
Calamagrostis foliosa,Cape Mendicino Reed Grass,Perennial,Summer,CA Native,Low,Poaceae,None
Calamagrostis foliosa,Cape Mendicino Reed Grass,Perennial,Fall,CA Native,Low,Poaceae,None
Calamagrostis nutkaensis,Pacific Reedgrass,Grass,Spring,SF Native,Low,Poaceae,Buds/greens
Calamagrostis x acutiflora,Feather Reed Grass,Grass,Summer,Exotic,Low,Poaceae,None
Calamintha spp.,Calamint,Perennial,Summer,Exotic,None,Lamiaceae,Pollinator
Calandrinia spectabilis,Rock Purslane,Succulent,Spring,Exotic,Low,Portulacaceae,Pollinator
Calandrinia spectabilis,Rock Purslane,Succulent,Summer,Exotic,Low,Portulacaceae,Pollinator
Calendula spp.,Pot Marigold,Perennial,Spring,Exotic,None,Asteraceae,Pollinator
Calliandra eriophylla,Fairy Dustre,Shrub (evergreen),Spring,CA Native,None,Fabaceae,Pollinator
Calliandra eriophylla,Fairy Dustre,Shrub (evergreen),Winter,CA Native,None,Fabaceae,Pollinator
Callistemon citrinus,Lemon Bottlebrush,Tree (evergreen),Spring,Exotic,Low,Myrtaceae,Pollinator
Callistemon citrinus,Lemon Bottlebrush,Tree (evergreen),Summer,Exotic,Low,Myrtaceae,Pollinator
Calycanthus occidentalis,Spice Bush,Shrub (evergreen),Summer,CA Native,Low,Calycanthaceae,Buds/greens
Calystegia macrostegia,California Morning Glory,Vine,Spring,CA Native,None,Convolvulacea,Cover
Calystegia macrostegia,California Morning Glory,Vine,Summer,CA Native,None,Convolvulacea,Cover
Calystegia purpurata,morning glory,Vine,Spring,SF Native,None,Convolvulaceae,Cover
Calystegia purpurata,morning glory,Vine,Summer,SF Native,None,Convolvulaceae,Cover
Calystegia purpurata,morning glory,Vine,Fall,SF Native,None,Convolvulaceae,Cover
Calystegia soldanella,Beach Morning Glory,Perennial,Spring,SF Native,None,Convolvulaceae,Buds/greens
Carex barbarae,Santa Barbara sedge,Grass,Summer,CA Native,Moderate,Cyperaceae,None
Carex buchananii,Leather leaf sedge,Shrub (evergreen),Summer,Exotic,Moderate,Cyperaceae,Pollinator
Carex densa,dense sedge,Perennial,Spring,SF Native,Low,Cyperaceae,None
Carex densa,dense sedge,Perennial,Summer,SF Native,Low,Cyperaceae,None
Carex obnupta,slough sedge,Perennial,Spring,SF Native,Moderate,Cyperaceae,None
Carex pansa,Pacific Dune Sedge,Perennial,Spring,CA Native,Moderate,Cyperaceae,None
Carex praegracilis,Clustered Field Sedge,Perennial,Summer,SF Native,Moderate,Cyperaceae,Nesting
Carex texensis,Catlin sedge,Shrub (evergreen),Summer,Exotic,Low,Cyperaceae,None
Carex tumulicola,Berkley sedge,Grass,Spring,SF Native,Low,Cyperaceae,None
Carissa macrocarpa,Natal Plum,Shrub (evergreen),Unknown,Exotic,Low,Apocynaceae,None
Carpenteria californica,Bush Anemone,Shrub (evergreen),Summer,CA Native,Moderate,Hydrangeaceae,Pollinator
Caryopteris x clandonensis,"Blue Mist, Blue Beard",Perennial,Summer,Exotic,None,Lamiaceae,Pollinator
Cassia leptophylla,Gold Medallion Tree,Tree (evergreen),Summer,Exotic,Low,Caesalpiniaceae (~Fabales),Cover
Castilleja latifolia,Monterey Indian Paintbrush,Perennial,Spring,SF Native,Low,Orobanchaceae,Buds/greens
Castilleja latifolia,Monterey Indian Paintbrush,Perennial,Summer,SF Native,Low,Orobanchaceae,Buds/greens
Castilleja subinclusa ssp. franciscana,Franciscan Paintbrush,Perennial,Summer,SF Native,Low,Orobanchaceae,Buds/greens
Castilleja wightii,Wight's Paintbrush,Perennial,Summer,SF Native,Low,Orobanchaceae,Buds/greens
Ceanothus gloriosus,Point Reyes Ceanothus,Shrub (evergreen),Spring,CA Native,None,Rhamnaceae,Pollinator
Ceanothus gloriosus,Point Reyes Ceanothus,Shrub (evergreen),Winter,CA Native,None,Rhamnaceae,Pollinator
Ceanothus griseus horizontalis,Carmel creeper,Shrub (evergreen),Spring,CA Native,None,Rhamnaceae,Pollinator
Ceanothus griseus horizontalis,Carmel creeper,Shrub (evergreen),Winter,CA Native,None,Rhamnaceae,Pollinator
Ceanothus 'Ray Hartman',Ray Hartman Ceanothus,Tree (evergreen),Spring,CA Native,None,Rhamnaceae,None
Ceanothus spp.,California Lilac,Shrub (evergreen),Unknown,CA Native,Low,Rhamnaceae,Pollinator
Ceanothus thyrsiflorus,California Lilac / Blueblossom,Shrub (evergreen),Spring,SF Native,None,Rhamnaceae,Cover
Ceanothus thyrsiflorus repens,Low Blue Blossom,Shrub (evergreen),Unknown,CA Native,None,Rhamnaceae,Pollinator
Cephalanthus occidentalis,buttonbush,Shrub (deciduous),Fall,CA Native,Moderate,Rubiaceae,Pollinator
Cerastium arvense,field chickweed,Perennial,Spring,SF Native,None,Caryophyllaceae,None
Cerastium tomentosum,Snow-in-Summer,Perennial,Summer,Exotic,None,Caryophyllaceae,None
Cercis occidentalis,Redbud,Tree (deciduous),Spring,CA Native,None,Fabaceae,Pollinator
Cercocarpus betuloides,Mountain mahogany,Shrub (evergreen),Spring,CA Native,None,Rosaceae,Cover
Chamaemelum nobile,chamomile,Perennial,Summer,Exotic,Low,Asteraceae,None
Chamaemelum nobile,chamomile,Perennial,Fall,Exotic,Low,Asteraceae,None
Chlorogalum pomeridianum,Soap Plant,Perennial,Summer,SF Native,Low,Agavaceae,Buds/greens
Chondropetalum tectorum,cape rush,Grass,Spring,Exotic,Low,Restionaceae,None
Chondropetalum tectorum,cape rush,Grass,Summer,Exotic,Low,Restionaceae,None
Chondropetalum tectorum,cape rush,Grass,Fall,Exotic,Low,Restionaceae,None
Chondropetalum tectorum,cape rush,Grass,Winter,Exotic,Low,Restionaceae,None
Cirsium brevistylum,Indian Thistle,Perennial,Spring,SF Native,None,Asteraceae,Buds/greens
Cirsium brevistylum,Indian Thistle,Perennial,Summer,SF Native,None,Asteraceae,Buds/greens
Cirsium occidentale var. californicum,California Thistle,Perennial,Summer,CA Native,None,Asteraceae,Buds/greens
Cirsium occidentale var. candidissimum,Snowy Thistle,Perennial,Summer,CA Native,None,Asteraceae,Buds/greens
Cirsium occidentale var. compactum,Compact Cobweb Thistle,Perennial,Spring,SF Native,None,Asteraceae,Buds/greens
Cirsium occidentale var. occidentale,Cobweb Thistle,Perennial,Summer,SF Native,Low,Asteraceae,Buds/greens
Cirsium quercetorum,Brownie Thistle,Perennial,Summer,SF Native,Low,Asteraceae,Buds/greens
Cistus salvifolius 'Prostratus',Sageleaf Rockrose,Shrub (evergreen),Spring,Exotic,Low,Cistaceae,None
Cistus spp.,rockrose,Shrub (evergreen),Spring,Exotic,Low,Cistaceae,Pollinator
Cistus spp.,rockrose,Shrub (evergreen),Summer,Exotic,Low,Cistaceae,Pollinator
Cistus 'Sunset',Magenta rockrose,Shrub (evergreen),Spring,Exotic,Low,Cistaceae,None
Cistus 'Sunset',Magenta rockrose,Shrub (evergreen),Summer,Exotic,Low,Cistaceae,None
Cistus x skanbergii,Pink rockrose,Shrub (evergreen),Spring,Exotic,Low,Cistaceae,None
Clarkia davyi,Davy's Clarkia,Annual,Summer,SF Native,Low,Onagraceae,Pollinator
Clarkia purpurea,Winecup Clarkia,Annual,Spring,SF Native,Low,Onagraceae,Pollinator
Clarkia purpurea,Winecup Clarkia,Annual,Summer,SF Native,Low,Onagraceae,Pollinator
Clarkia rubicunda,Farewell to Spring,Annual,Summer,SF Native,None,Onagraceae,Pollinator
Clarkia unguiculata,Woodland Clarkia,Annual,Summer,SF Native,Low,Onagraceae,Pollinator
Claytonia perfoliata,Miner's Lettuce,Annual,Spring,SF Native,Low,Montiaceae,Buds/greens
Claytonia perfoliata,Miner's Lettuce,Annual,Winter,SF Native,Low,Montiaceae,Buds/greens
Clematis armandii,Evergreen Clematis,Vine,Spring,Exotic,Low,Ranunculaceae,Pollinator
Clematis armandii,Evergreen Clematis,Vine,Winter,Exotic,Low,Ranunculaceae,Pollinator
Clematis lasiantha,Pipestems; Chaparral clematis,Vine,Spring,CA Native,Low,Ranunculaceae,Cover
Clematis ligusticifolia,Western Virgin's Bower,Perennial,Summer,CA Native,Moderate,Ranunculaceae,Cover
Clematis spp.,Clematis,Vine,Unknown,Exotic,Low,Ranunculaceae,Pollinator
Clinopodium douglasii,Yerba Buena,Perennial,Summer,SF Native,Low,Lamiaceae,Cover
Clivia miniata,Orange Clivia,Perennial,Spring,Exotic,,Amaryllidaceae,None
Clivia miniata,Orange Clivia,Perennial,Summer,Exotic,,Amaryllidaceae,None
Clivia miniata,Orange Clivia,Perennial,Fall,Exotic,,Amaryllidaceae,None
Clivia miniata,Orange Clivia,Perennial,Winter,Exotic,,Amaryllidaceae,None
Collinsia heterophylla,Chinese Houses,Annual,Spring,SF Native,Low,Plantaginaceae,Buds/greens
Collinsia heterophylla,Chinese Houses,Annual,Summer,SF Native,Low,Plantaginaceae,Buds/greens
Convolvulus cneorum,Bush morninglory,Shrub (evergreen),Spring,Exotic,Low,Convolvulacea,None
Convolvulus cneorum,Bush morninglory,Shrub (evergreen),Summer,Exotic,Low,Convolvulacea,None
Convolvulus cneorum,Bush morninglory,Shrub (evergreen),Fall,Exotic,Low,Convolvulacea,None
Coprosma petriei  'Verde Vista',Creeping coprosma,Shrub (evergreen),Unknown,Exotic,None,Rubiaceae,None
Cordyline 'Electric Pink',Electric Pink Grass Tree,Perennial,Spring,Exotic,Low,Dracaenaceae,None
Coreopsis lanceolata,"Lanceleaf Tickseed

Tickseed",Perennial,Spring,Exotic,None,Asteraceae,Pollinator
Coreopsis verticillata,Whorled Tickseed,Perennial,Spring,Exotic,None,Asteraceae,Pollinator
Coreopsis verticillata,Whorled Tickseed,Perennial,Summer,Exotic,None,Asteraceae,Pollinator
Corethrogyne filaginifolia,Common Sand Aster,Perennial,Summer,CA Native,Low,Asteraceae,Buds/greens
Cornus sericea,American Dogwood,Shrub (deciduous),Spring,SF Native,Moderate,Cornaceae,Buds/greens
Cornus sericea,American Dogwood,Shrub (deciduous),Summer,SF Native,Moderate,Cornaceae,Buds/greens
Cornus sericea ssp. occidentalis,California Dogwood,Shrub (deciduous),Summer,SF Native,Moderate,Cornaceae,Buds/greens
Correa 'Dusky Bells',Australian fuschia,Shrub (evergreen),Spring,Exotic,Low,Rutaceae,None
Correa 'Ivory Bells',Australian fuschia,Shrub (evergreen),Spring,Exotic,Low,Rutaceae,None
Correa spp.,Australian Fuchsia,Shrub (evergreen),Unknown,Exotic,Low,Rutaceae,Pollinator
Corylus cornuta,California Hazelnut,Tree (deciduous),Winter,SF Native,Low,Betulaceae,Fruit
Corymbia ficifolia,Red Flowering Gum,Tree (evergreen),Summer,Exotic,Low,Myrtaceae,None
Corymbia maculata,Spotted Gum,Tree (evergreen),Unknown,Exotic,Low,Myrtaceae,None
Cotinus spp.,Smoke Bush,Shrub (evergreen),Unknown,Exotic,Low,Anacardiaceae,Cover
Cotoneaster dammeri 'LowFast',Bearberry Cotoneaster,Shrub (evergreen),Spring,Exotic,Low,Rosaceae,Pollinator
Cotyledon orbiculata,"Cotyledon, Pigs Ears",Succulent,Summer,Exotic,Low,Crassulaceae,None
Crassula multicava,Cape Province Pygmyweed,Succulent,Winter,Exotic,Low,Crassulaceae,None
Crassula ovata,Jade Plant,Succulent,Spring,Exotic,Low,Crassulaceae,None
Crassula ovata,Jade Plant,Succulent,Winter,Exotic,Low,Crassulaceae,None
Crataegus phaenopyrum,Washington Hawthorn,Tree (deciduous),Spring,Exotic,Low,Rosaceae,None
Crataegus x Lavallei,Lavalle hawthorn,Tree (deciduous),Unknown,Exotic,Low,Rosaceae,None
Cressa truxillensis,Alkali Weed,Perennial,Summer,CA Native,Low,Convolvulaceae,None
Cyclamen hederifolium,Persian Violet,Perennial,Summer,Exotic,Low,Primulaceae,None
Cyclamen hederifolium,Persian Violet,Perennial,Fall,Exotic,Low,Primulaceae,None
Cynoglossum grande,Hound's Tongue,Perennial,Spring,SF Native,Low,Boraginaceae,Pollinator
Danthonia californica,California Oatgrass,Grass,Winter,SF Native,Low,Poaceae,Fruit
Daphne odora,Winter Daphne,Shrub (evergreen),Unknown,Exotic,Low,Thymelaeaceae,None
Dasylirion wheeleri,Desert Spoon,Succulent,Summer,Exotic,None,Nolinaceae,Pollinator
Deinandra corymbosa,Coast Tarweed,Annual,Spring,SF Native,Low,Asteraceae,Buds/greens
Deinandra corymbosa,Coast Tarweed,Annual,Summer,SF Native,Low,Asteraceae,Buds/greens
Deinandra corymbosa,Coast Tarweed,Annual,Fall,SF Native,Low,Asteraceae,Buds/greens
Delosperma cooperi,Cooper's Ice Plant,Shrub (evergreen),Summer,Exotic,Low,Aizoaceae,Cover
Delosperma cooperi,Cooper's Ice Plant,Shrub (evergreen),Fall,Exotic,Low,Aizoaceae,Cover
Delphinium californicum,California larkspur,Perennial,Spring,SF Native,None,Ranunculaceae,None
Delphinium californicum,California larkspur,Perennial,Summer,SF Native,None,Ranunculaceae,None
Deschampsia cespitosa ssp. holciformis,Tufted Hairgrass,Grass,Summer,SF Native,Low,Poaceae,Fruit
Dianella tasmanica variegata,Flax Lily,Grass,Spring,Exotic,,Phormiaceae,None
Dicentra formosa,Pacific bleeding heart,Perennial,Spring,CA Native,Moderate,Papaveraceae,Pollinator
Dietes bicolor,Fortnight Lily,Perennial,Spring,Exotic,Low;Moderate,Iridaceae,None
Dietes bicolor,Fortnight Lily,Perennial,Fall,Exotic,Low;Moderate,Iridaceae,None
Dietes iridioides,African Iris,Perennial,Spring,Exotic,,Iridaceae,None
Dietes iridioides,African Iris,Perennial,Fall,Exotic,,Iridaceae,None
Dietes spp.,fortnight lily,Perennial,Spring,Exotic,Low,Iridaceae,None
Dietes spp.,fortnight lily,Perennial,Summer,Exotic,Low,Iridaceae,None
Dietes spp.,fortnight lily,Perennial,Fall,Exotic,Low,Iridaceae,None
Distichlis spicata,Saltgrass,Grass,Summer,SF Native,Low,Poaceae,Buds/greens
Distictis buccinatoria,Blood Red Trumpet Vine,Vine,Summer,Exotic,,Bignoniaceae,Cover
Dodonaea viscosa,Hopseed Bush,Shrub (evergreen),Unknown,Exotic,Low,Sapindaceae,Cover
Drosanthemum floribundum,Rosea Ice Plant,Perennial,Spring,Exotic,Low,Aizoaceae,None
Drosanthemum floribundum,Rosea Ice Plant,Perennial,Summer,Exotic,Low,Aizoaceae,None
Dryas octopetala,Mountain Dryad,Perennial,Spring,Exotic,Low,Rosaceae,Pollinator
Dryas octopetala,Mountain Dryad,Perennial,Summer,Exotic,Low,Rosaceae,Pollinator
Dryopteris expansa,spreading wood fern,Fern,Unknown,CA Native,Low,Dryopteridaceae,None
Dudleya caespitosa,"Sea Lettuce, Coast Dudleya",Succulent,Summer,CA Native,Low,Crassulaceae,Pollinator
Dudleya farinosa,Live Forever,Succulent,Spring,SF Native,None,Crassulaceae,Pollinator
Dudleya pulverulenta,Chalk Dudleya,Succulent,Spring,CA Native,Low,Crassulaceae,None
Dudleya spp.,Live Forever,Succulent,Unknown,CA Native,Low,Crassulaceae,None
Duranta erecta,Skyflower,Perennial,Summer,Exotic,Low,Verbenaceae,Pollinator
Dymondia margaretae,Dymondia,Perennial,Summer,Exotic,Low,Asteraceae,None
Echeveria agavoides 'Maria',Wax Agave,Succulent,Spring,Exotic,Low,Crassulaceae,None
Echeveria agavoides 'Maria',Wax Agave,Succulent,Summer,Exotic,Low,Crassulaceae,None
Echeveria 'Blue Bedder',Echeveria Blue Bedder,Succulent,Spring,Exotic,Low,Crassulaceae,None
Echeveria 'Blue Bedder',Echeveria Blue Bedder,Succulent,Winter,Exotic,Low,Crassulaceae,None
Echeveria elegans,Hens and Chicks,Succulent,Spring,Exotic,Low,Crassulaceae,None
Echeveria elegans,Hens and Chicks,Succulent,Summer,Exotic,Low,Crassulaceae,None
Echeveria harmsii,Echeveria,Succulent,Spring,Exotic,Low,Crassulaceae,None
Echeveria harmsii,Echeveria,Succulent,Summer,Exotic,Low,Crassulaceae,None
Echeveria harmsii,Echeveria,Succulent,Fall,Exotic,Low,Crassulaceae,None
Echeveria harmsii,Echeveria,Succulent,Winter,Exotic,Low,Crassulaceae,None
Echeveria imbricata,Hens and Chicks,Succulent,Spring,Exotic,Low,Crassulaceae,None
Echeveria imbricata,Hens and Chicks,Succulent,Summer,Exotic,Low,Crassulaceae,None
Echeveria juarezensis,Juareze Hens and Chicks,Succulent,Summer,Exotic,Low,Crassulaceae,None
Echeveria pumila glauca,Hens and Chicks,Succulent,Summer,Exotic,Low,Crassulaceae,None
Echinacea purpurea,Purple Coneflower,Perennial,Summer,Exotic,None,Asteraceae,Pollinator
Echium plantagineum,Salvation Jane,Perennial,Spring,Exotic,None,Boraginaceae,Pollinator
Eleocharis macrostachya,Common or Creeping Spikerush,Grass,Spring,SF Native,Moderate,Cyperaceae,Buds/greens
Eleocharis palustris,creeping spikerush,Grass,Summer,SF Native,Moderate,Cyperaceae,None
Eleocharis parvula,Dwarf Spikerush,Grass,Summer,CA Native,Moderate,Cyperaceae,None
Elymus condensatus,Giant Wild Rye,Grass,Summer,SF Native,None,Poaceae,Cover
Elymus glaucus,Blue Wild-rye,Grass,Summer,SF Native,None,Poaceae,Fruit
Elymus magellanicus,"Blue Wheatgrass, Magellan Wheatgrass",Grass,Spring,Exotic,Low,Poaceae,None
Elymus magellanicus,"Blue Wheatgrass, Magellan Wheatgrass",Grass,Summer,Exotic,Low,Poaceae,None
Elymus mollis ssp. mollis,American Dune Grass,Grass,Summer,SF Native,None,Poaceae,Pollinator
Elymus pacificus,Pacific wild rye,Grass,Summer,SF Native,Low,Poaceae,Fruit
Elymus trachycaulus,slender wheatgrass,Grass,Spring,CA Native,Moderate,Poaceae,None
Elymus triticoides,Beardless wild rye,Grass,Summer,SF Native,Low,Poaceae,Fruit
Encelia californica,Bush Sunflower,Shrub (evergreen),Spring,CA Native,Low,Asteraceae,Pollinator
Encelia californica,Bush Sunflower,Shrub (evergreen),Summer,CA Native,Low,Asteraceae,Pollinator
Encelia californica,Bush Sunflower,Shrub (evergreen),Winter,CA Native,Low,Asteraceae,Pollinator
Encelia farinosa,Brittlebush,Perennial,Spring,CA Native,None,Asteraceae,Pollinator
Epilobium brachycarpum,Annual Fireweed,Annual,Summer,SF Native,None,Onagraceae,Buds/greens
Epilobium canum,California Fuchsia,Perennial,Summer,CA Native,None,Onagraceae,Pollinator
Epilobium canum,California Fuchsia,Perennial,Fall,CA Native,None,Onagraceae,Pollinator
Epilobium ciliatum ssp. watsonii,Willow Herb,Perennial,Spring,SF Native,Low,Onagraceae,Fruit
Epilobium ciliatum ssp. watsonii,Willow Herb,Perennial,Summer,SF Native,Low,Onagraceae,Fruit
Epilobium septentrionale,Humboldt County Fuchsia,Perennial,Summer,CA Native,Low,Onagraceae,None
Equisetum hyemale,Scouring Rush Horsetail,Perennial,Spring,SF Native,Moderate,Equisetaceae,None
Ericameria ericoides,Mock Heather,Shrub (evergreen),Fall,SF Native,None,Asteraceae,Cover
Erigeron foliosus var. franciscensis,San Francisco leafy fleabane,Perennial,Summer,SF Native,None,Asteraceae,None
Erigeron foliosus var. franciscensis,San Francisco leafy fleabane,Perennial,Fall,SF Native,None,Asteraceae,None
Erigeron glaucus,Seaside Daisy,Perennial,Spring,SF Native,None,Asteraceae,Pollinator
Erigeron glaucus,Seaside Daisy,Perennial,Winter,SF Native,None,Asteraceae,Pollinator
Eriobotrya deflexa,Bronze Loquat,Tree (evergreen),Spring,Exotic,Low,Asteraceae,None
Eriodictyon californicum,"California yerba santa,  Yerba santa",Shrub (evergreen),Summer,CA Native,None,Boraginaceae,Pollinator
Eriogonum fasciculatum,California Buckwheat,Shrub (evergreen),Spring,CA Native,None,Polygonaceae,Pollinator
Eriogonum fasciculatum,California Buckwheat,Shrub (evergreen),Summer,CA Native,None,Polygonaceae,Pollinator
Eriogonum fasciculatum,California Buckwheat,Shrub (evergreen),Fall,CA Native,None,Polygonaceae,Pollinator
Eriogonum giganteum,California Buckwheat;St. Catherine's Lace?,Shrub (evergreen),Spring,CA Native,None,Polygonaceae,Pollinator
Eriogonum giganteum,California Buckwheat;St. Catherine's Lace?,Shrub (evergreen),Summer,CA Native,None,Polygonaceae,Pollinator
Eriogonum grande rubescens,Red buckwheat,Perennial,Summer,CA Native,None,Polygonaceae,Pollinator
Eriogonum grande rubescens,Red buckwheat,Perennial,Fall,CA Native,None,Polygonaceae,Pollinator
Eriogonum latifolium,Coast Buckwheat,Perennial,Summer,SF Native,None,Polygonaceae,Buds/greens
Eriogonum latifolium,Coast Buckwheat,Perennial,Fall,SF Native,None,Polygonaceae,Buds/greens
Eriogonum nudum,Naked Buckwheat,Perennial,Summer,CA Native,None,Polygonaceae,Pollinator
Eriogonum parvifolium,dune buckwheat,Perennial,Spring,CA Native,None,Polygonaceae,None
Eriogonum parvifolium,dune buckwheat,Perennial,Summer,CA Native,None,Polygonaceae,None
Eriogonum parvifolium,dune buckwheat,Perennial,Fall,CA Native,None,Polygonaceae,None
Eriogonum parvifolium,dune buckwheat,Perennial,Winter,CA Native,None,Polygonaceae,None
Eriogonum umbellatum,Sulphurflower buckwheat,Perennial,Summer,CA Native,None,Polygonaceae,Pollinator
Eriophyllum staechadifolium,Lizardtail,Perennial,Spring,SF Native,None,Asteraceae,Pollinator
Eriophyllum staechadifolium,Lizardtail,Perennial,Summer,SF Native,None,Asteraceae,Pollinator
Erysimum  'Bowles Mauve',Bowles Mauve Wallflower,Perennial,Spring,Exotic,Low,Brassicaceae,Pollinator
Erysimum  'Bowles Mauve',Bowles Mauve Wallflower,Perennial,Summer,Exotic,Low,Brassicaceae,Pollinator
Erysimum  'Bowles Mauve',Bowles Mauve Wallflower,Perennial,Fall,Exotic,Low,Brassicaceae,Pollinator
Erysimum franciscanum,San Francisco Wallflower,Perennial,Spring,SF Native,None,Brassicaceae,Pollinator
Escallonia bifida,White Escallonia,Perennial,Summer,Exotic,Low,Escalloniaceae,Pollinator
Escallonia 'Compakta',,Shrub (evergreen),Spring,Exotic,Low,Escalloniaceae,None
Escallonia 'Compakta',,Shrub (evergreen),Fall,Exotic,Low,Escalloniaceae,None
Eschscholzia californica,California Poppy,Perennial,Spring,SF Native,None,Papaveraceae,Cover
Eschscholzia californica,California Poppy,Perennial,Summer,SF Native,None,Papaveraceae,Cover
Euphorbia amygdaloides,wood spurge,Perennial,Spring,Exotic,Low,Euphorbiaceae,None
Euphorbia amygdaloides,wood spurge,Perennial,Summer,Exotic,Low,Euphorbiaceae,None
Euphorbia myrsinites,Myrtle Spurge,Succulent,Spring,Exotic,Low,Euphorbiaceae,None
Euphorbia myrsinites,Myrtle Spurge,Succulent,Winter,Exotic,Low,Euphorbiaceae,None
Euphorbia x. martinii,,Perennial,Spring,Exotic,Moderate,Euphorbiaceae,None
Eurybia radulina,rough-leaved aster,Perennial,Summer,SF Native,Low,Asteraceae,None
Eurybia radulina,rough-leaved aster,Perennial,Fall,SF Native,Low,Asteraceae,None
Euthamia occidentalis,Western Goldenrod,Perennial,Summer,SF Native,Low,Asteraceae,Pollinator
Euthamia occidentalis,Western Goldenrod,Perennial,Fall,SF Native,Low,Asteraceae,Pollinator
Extriplex californica,California saltbush,Perennial,Spring,SF Native,Low,Chenopodiaceae,None
Festuca amethystina,tufted fescue,Grass,Summer,Exotic,Low,Poaceae,None
Festuca californica,California Fescue,Grass,Spring,SF Native,Low,Poaceae,Cover
Festuca californica,California Fescue,Grass,Winter,SF Native,Low,Poaceae,Cover
Festuca glauca,Common Blue Fescue,Grass,Summer,Exotic,Low,Poaceae,None
Festuca idahoensis,Idaho Fescue,Grass,Summer,SF Native,None,Poaceae,Buds/greens
Festuca muelleri,Mueller's Fescue,Grass,Summer,Exotic,,Poaceae,None
Festuca rubra,Red Fescue,Grass,Spring,SF Native,None,Poaceae,Cover
Festuca rubra 'Point Molate',Molate Fescue,Grass,Spring,CA Native,None,Poaceae,Cover
Fragaria chiloensis,Coast Strawberry,Perennial,Winter,SF Native,None,Rosaceae,Cover
Fragaria vesca,Woodland Strawberry,Perennial,Spring,SF Native,Low,Rosaceae,Cover
Fragaria vesca,Woodland Strawberry,Perennial,Winter,SF Native,Low,Rosaceae,Cover
Frangula californica,California Coffeeberry,Shrub (evergreen),Summer,SF Native,None,Rhamnaceae,Cover
Frankenia salina,Alkali-heath,Perennial,Spring,SF Native,Moderate,Frankeniaceae,Fruit
Frankenia salina,Alkali-heath,Perennial,Summer,SF Native,Moderate,Frankeniaceae,Fruit
Fraxinus latifolia,Oregon Ash,Tree (deciduous),Spring,CA Native,Low,Oleaceae,Fruit
Fremontodendron 'California Glory',Flannel Bush,Shrub (evergreen),Spring,CA Native,None,Malvaceae,Cover
Fuchsia procumbens,Prostrate fuschia,Shrub (evergreen),Summer,Exotic,,Onagraceae,Pollinator
Fuchsia procumbens,Prostrate fuschia,Shrub (evergreen),Fall,Exotic,,Onagraceae,Pollinator
Gaillardia aristata,Blanket flower,Perennial,Summer,Exotic,None,Asteraceae,Pollinator
Gaillardia aristata,Blanket flower,Perennial,Fall,Exotic,None,Asteraceae,Pollinator
Gaillardia 'Oranges & Lemons',Oranges & Lemons,Perennial,Summer,Exotic,None,Asteraceae,Pollinator
Gaillardia x grandiflora,Gaillardia (Blanket Flower),Perennial,Summer,Exotic,Low,Asteraceae,Pollinator
Galvezia speciosa,Island Bush Snapdragon,Perennial,Spring,CA Native,None,Plantaginaceae,Pollinator
Garrya elliptica,Silk Tassel,Shrub (evergreen),Winter,SF Native,Low,Garryaceae,Fruit
Gaultheria shallon,Salal,Shrub (evergreen),Spring,SF Native,Low,Ericaceae,Fruit
Gaura lindheimeri,Butterfly Gaura,Perennial,Summer,Exotic,Moderate,Onagraceae,None
Gaura lindheimeri,Butterfly Gaura,Perennial,Fall,Exotic,Moderate,Onagraceae,None
Geranium incanum,Carpet Geranium,Perennial,Spring,Exotic,Low,Geraniaceae,None
Geranium incanum,Carpet Geranium,Perennial,Summer,Exotic,Low,Geraniaceae,None
Gilia achilleifolia,California Gilia,Annual,Spring,CA Native,None,Polemoniaceae,Pollinator
Gilia capitata ssp. Chamissonis,Dune Gilia,Annual,Spring,SF Native,None,Polemoniaceae,Pollinator
Gilia capitata ssp. Chamissonis,Dune Gilia,Annual,Summer,SF Native,None,Polemoniaceae,Pollinator
Gilia tricolor ssp. Tricolor,Bird's Eye Gilia,Annual,Summer,CA Native,Low,Polemoniaceae,Pollinator
Ginkgo biloba,Maidenhair;Ginkgo Tree,Tree (deciduous),Spring,Exotic,Low,Ginkgoaceae,None
Glaux maritima,Sea milkwort,Perennial,Spring,SF Native,Moderate,Myrsinaceae,None
Gomphrena globosa,Globe Amaranth,Annual,Summer,Exotic,Low,Amaranthaceae,None
Gomphrena globosa,Globe Amaranth,Annual,Fall,Exotic,Low,Amaranthaceae,None
Graptopetalum paraguayense,Ghost Plant,succulent,Spring,Exotic,None,Crassulaceae,None
Graptosedum 'Vera Higgins',,Succulent,Spring,Exotic,Low,Crassulaceae,None
Graptosedum 'Vera Higgins',,Succulent,Summer,Exotic,Low,Crassulaceae,None
Graptoveria 'Debbi',,Succulent,Spring,Exotic,Low,Crassulaceae,None
Graptoveria 'Debbi',,Succulent,Summer,Exotic,Low,Crassulaceae,None
Graptoveria 'Debbi',,Succulent,Winter,Exotic,Low,Crassulaceae,None
Graptoveria 'Fred Ives',,Succulent,Summer,Exotic,Low,Crassulaceae,None
Grevillea lanigera 'Coastal Gem',,Shrub (evergreen),Spring,Exotic,Low,Proteaceae,Pollinator
Grevillea lanigera 'Coastal Gem',,Shrub (evergreen),Summer,Exotic,Low,Proteaceae,Pollinator
Grevillea lanigera 'Coastal Gem',,Shrub (evergreen),Fall,Exotic,Low,Proteaceae,Pollinator
Grevillea lanigera 'Coastal Gem',,Shrub (evergreen),Winter,Exotic,Low,Proteaceae,Pollinator
Grevillea 'Magic Lantern',,Shrub (evergreen),Spring,Exotic,Low,Proteaceae,None
Grevillea 'Magic Lantern',,Shrub (evergreen),Fall,Exotic,Low,Proteaceae,None
Grevillea spp.,Grevillea,Shrub (evergreen),Unknown,Exotic,Low,Proteaceae,Pollinator
Grindelia hirsutula,San Francisco Gumplant,Perennial,Summer,SF Native,None,Asteraceae,Pollinator
Grindelia stricta,Coastal Gumplant,Perennial,Spring,SF Native,Low,Asteraceae,Pollinator
Grindelia stricta,Coastal Gumplant,Perennial,Summer,SF Native,Low,Asteraceae,Pollinator
Grindelia stricta,Coastal Gumplant,Perennial,Fall,SF Native,Low,Asteraceae,Pollinator
Hardenbergia violacea,Lilac Vine,Vine,Spring,Exotic,Low,Fabaceae,Cover
Hardenbergia violacea,Lilac Vine,Vine,Winter,Exotic,Low,Fabaceae,Cover
Hebe spp.,Hebe,Shrub (evergreen),Unknown,Exotic,Low,Scrophulariaceae,Pollinator
Helenium 'Mardi Gras',Mardi Gras,Perennial,Summer,Exotic,Low,Asteraceae,Pollinator
Helenium puberulum,Sneezeweed,Perennial,Spring,SF Native,Moderate,Asteraceae,Pollinator
Helianthemum 'Apricot',Apricot Sunrose,Shrub (evergreen),Spring,Exotic,Low,Cistaceae,None
Helianthemum 'Belgravia Rose',,Shrub (evergreen),Spring,Exotic,Low,Cistaceae,None
Helianthemum nummularium,Sunrose,Shrub (evergreen),Unknown,Exotic,Low,Cistaceae,Pollinator
Helianthus annuus,Sunflower,Annual,Summer,CA Native,Low,Asteraceae,Pollinator
Helianthus annuus,Sunflower,Annual,Fall,CA Native,Low,Asteraceae,Pollinator
Helianthus gracilentus,Slender Sunflower,Perennial,Spring,CA Native,Low,Asteraceae,Pollinator
Helianthus gracilentus,Slender Sunflower,Perennial,Summer,CA Native,Low,Asteraceae,Pollinator
Helianthus 'Lemon Queen',Lemon Queen,Perennial,Summer,Exotic,Low,Asteraceae,Pollinator
Helicotrichon sempervirons,Blue Oat Grass,Grass,Summer,Exotic,Low,Poaceae,Cover
Heliotropium curassavicum,Wild Heliotrope,Perennial,Spring,SF Native,Low,Boraginaceae,Pollinator
Helleborus argutifolius,Corsican Hellebore,Perennial,Spring,Exotic,Low,Ranunculaceae,None
Helleborus argutifolius,Corsican Hellebore,Perennial,Fall,Exotic,Low,Ranunculaceae,None
Helleborus foetidus,Bear's foot hellebore,Perennial,Spring,Exotic,Low,Ranunculaceae,None
Helleborus orientalis,Lenten Rose,Perennial,Spring,Exotic,Low;Moderate,Ranunculaceae,None
Heracleum maximum,Cow Parsnip,Perennial,Summer,SF Native,Low,Apiaceae,None
Hesperaloe parviflora,Yellow/Red Yucca,Perennial,Spring,Exotic,None,Agavaceae,Pollinator
Hesperaloe parviflora,Yellow/Red Yucca,Perennial,Summer,Exotic,None,Agavaceae,Pollinator
Heteromeles arbutifolia,Toyon,Tree (evergreen),Summer,SF Native,None,Rosaceae,Cover
Heterotheca sessiliflora ssp. Bolanderi,Bolander's Goldenaster,Perennial,Spring,CA Native,None,Asteraceae,Fruit
Heterotheca sessiliflora ssp. Bolanderi,Bolander's Goldenaster,Perennial,Summer,CA Native,None,Asteraceae,Fruit
Heterotheca sessiliflora ssp. Bolanderi,Bolander's Goldenaster,Perennial,Fall,CA Native,None,Asteraceae,Fruit
Heterotheca sessiliflora ssp. Bolanderi,Bolander's Goldenaster,Perennial,Winter,CA Native,None,Asteraceae,Fruit
Heuchera maxima,Island Alum Root,Perennial,Spring,CA Native,Low,Saxifragaceae,Pollinator
Heuchera maxima,Island Alum Root,Perennial,Summer,CA Native,Low,Saxifragaceae,Pollinator
Heuchera micrantha,Alum Root,Perennial,Spring,SF Native,Moderate,Saxifragaceae,Pollinator
Heuchera micrantha,Alum Root,Perennial,Summer,SF Native,Moderate,Saxifragaceae,Pollinator
Heuchera sanguinea,Coral Bells,Perennial,Summer,Exotic,Low,Saxifragaceae,Pollinator
Heuchera 'Santa Ana Cardinal',Coral Bell hybrids,Perennial,Spring,CA Native,None,Saxifragaceae,Pollinator
Heuchera 'Santa Ana Cardinal',Coral Bell hybrids,Perennial,Summer,CA Native,None,Saxifragaceae,Pollinator
Holodiscus discolor,Cream Bush,Shrub (deciduous),Spring,SF Native,Low,Rosaceae,Buds/greens
Holodiscus discolor,Cream Bush,Shrub (deciduous),Summer,SF Native,Low,Rosaceae,Buds/greens
Hordeum brachyantherum,Meadow Barley,Grass,Summer,SF Native,Low,Poaceae,Buds/greens
Horkelia californica,California Horkelia,Perennial,Spring,SF Native,None,Rosaceae,Pollinator
Hosackia gracilis,Harlequin Lotus,Perennial,Spring,SF Native,Moderate,Fabaceae,Pollinator
Hosackia gracilis,Harlequin Lotus,Perennial,Summer,SF Native,Moderate,Fabaceae,Pollinator
Hyacinthoides hispanica,Spanish squill,Perennial,Spring,Exotic,Low,Asparagaceae,None
Hymenosporum flavum,Sweetshade,Tree (evergreen),Summer,Exotic,Low,Pittosporaceae,None
Iberis sempervirens,Evergreen Candy Tuft,Perennial,Spring,Exotic,Low,Brassicaceae,Pollinator
Ilex vomitoria,Yaupon,Shrub (evergreen),Spring,Exotic,Low,Aquifoliaceae,Pollinator
Iris douglasiana,Douglas Iris,Perennial,Spring,SF Native,Low,Iridaceae,Buds/greens
Iris douglasiana,Douglas Iris,Perennial,Winter,SF Native,Low,Iridaceae,Buds/greens
Isolepis cernua,Low Bulrush,Annual,Spring,SF Native,Moderate,Cyperaceae,None
Isolepis cernua,Low Bulrush,Annual,Summer,SF Native,Moderate,Cyperaceae,None
Iva axillaris,Poverty-weed,Perennial,Spring,SF Native,Moderate,Asteraceae,None
Iva axillaris,Poverty-weed,Perennial,Summer,SF Native,Moderate,Asteraceae,None
Jacaranda mimosifolia,Jacaranda,Tree (deciduous),Spring,Exotic,Low,Bignoniaceae,None
Jacaranda mimosifolia,Jacaranda,Tree (deciduous),Summer,Exotic,Low,Bignoniaceae,None
Jasminum polyanthum,Pink Jasmine,Vine,Spring,Exotic,Low,Oleaceae,None
Jasminum polyanthum,Pink Jasmine,Vine,Winter,Exotic,Low,Oleaceae,None
Juglans hindsii,California black walnut,Tree (deciduous),Spring,CA Native,Low,Juglandaceae,Cover
Juncus balticus,Salt Rush,Perennial,Spring,SF Native,Moderate,Juncaceae,Cover
Juncus bufonius,Toad Rush,Annual,Spring,SF Native,Moderate,Juncaceae,Cover
Juncus effusus,Common rush,Grass,Summer,SF Native,Moderate,Juncaceae,None
Juncus effusus var. brunneus,Green Rush,Grass,Summer,SF Native,Moderate,Juncaceae,None
Juncus patens,Spreading rush,Grass,Spring,SF Native,Low,Juncaceae,None
Juncus xiphioides,Iris-leaved Rush,Perennial,Spring,SF Native,Moderate,Juncaceae,None
Juncus xiphioides,Iris-leaved Rush,Perennial,Summer,SF Native,Moderate,Juncaceae,None
Kalanchoe orgyalis,Copper Spoons,Succulent,Winter,Exotic,None,Crassulaceae,None
Kalanchoe thyrsiflora,Paddle Plant,Succulent,Spring,Exotic,None,Crassulaceae,None
Kalanchoe thyrsiflora,Paddle Plant,Succulent,Winter,Exotic,None,Crassulaceae,None
Knifphofia galpinii 'Orange Flame',Orange Flame Poker Plant,Perennial,Spring,Exotic,None,Asphodelaceae,Pollinator
Knifphofia galpinii 'Orange Flame',Orange Flame Poker Plant,Perennial,Summer,Exotic,None,Asphodelaceae,Pollinator
Kniphofia 'Dwarf Yellow',Poker Plant,Perennial,Spring,Exotic,None,Asphodelaceae,Pollinator
Kniphofia 'Dwarf Yellow',Poker Plant,Perennial,Summer,Exotic,None,Asphodelaceae,Pollinator
Kniphofia uvaria,Red Hot Poker,Perennial,Spring,Exotic,Low,Asphodelaceae,Pollinator
Kniphofia uvaria,Red Hot Poker,Perennial,Summer,Exotic,Low,Asphodelaceae,Pollinator
Kniphofia uvaria,Red Hot Poker,Perennial,Winter,Exotic,Low,Asphodelaceae,Pollinator
Koeleria macrantha,June Grass,Grass,Spring,SF Native,None,Poaceae,Fruit
Koelreuteria bipinnata,Chinese Flame Tree,Tree (deciduous),Unknown,Exotic,Moderate,Sapindaceae,None
Lagunaria patersonii,Primrose Tree,Tree (evergreen),Spring,Exotic,Low,Malvaceae,None
Lagunaria patersonii,Primrose Tree,Tree (evergreen),Summer,Exotic,Low,Malvaceae,None
Lampranthus spectabilis,Trailing Ice Plant,Shrub (evergreen),Spring,Exotic,Low,Aizoaceae,None
Lampranthus spectabilis,Trailing Ice Plant,Shrub (evergreen),Summer,Exotic,Low,Aizoaceae,None
Lantana montevidensis,Trailing Lantana,Shrub (evergreen),Spring,Exotic,Low,Verbenaceae (Vervains),Pollinator
Lantana montevidensis,Trailing Lantana,Shrub (evergreen),Summer,Exotic,Low,Verbenaceae (Vervains),Pollinator
Lantana montevidensis,Trailing Lantana,Shrub (evergreen),Fall,Exotic,Low,Verbenaceae (Vervains),Pollinator
Lantana montevidensis,Trailing Lantana,Shrub (evergreen),Winter,Exotic,Low,Verbenaceae (Vervains),Pollinator
Larrea tridentata,Creosote Bush,Shrub (evergreen),Spring,CA Native,None,Zygophyllaceae,None
Larrea tridentata,Creosote Bush,Shrub (evergreen),Summer,CA Native,None,Zygophyllaceae,None
Larrea tridentata,Creosote Bush,Shrub (evergreen),Fall,CA Native,None,Zygophyllaceae,None
Larrea tridentata,Creosote Bush,Shrub (evergreen),Winter,CA Native,None,Zygophyllaceae,None
Lasthenia californica,California Goldfields,Annual,Spring,SF Native,Low,Asteraceae,Fruit
Lasthenia californica,California Goldfields,Annual,Winter,SF Native,Low,Asteraceae,Fruit
Lasthenia glaberrima,Smooth Goldfields,Annual,Spring,CA Native,Moderate,Asteraceae,Pollinator
Lasthenia glabrata,Yellow-rayed Goldfields,Annual,Spring,CA Native,Moderate,Asteraceae,Pollinator
Lasthenia glabrata,Yellow-rayed Goldfields,Annual,Winter,CA Native,Moderate,Asteraceae,Pollinator
Lathyrus vestitus,Wild Pea,Vine,Spring,SF Native,Low,Fabaceae,Pollinator
Laurus nobilis 'Saratoga',Saratoga' Bay Laurel,Tree (evergreen),Spring,Exotic,Low,Lauraceae,None
Lavandula angustifolia 'Hidcote Superior',English Lavender,Shrub (evergreen),Summer,Exotic,None,Lamiaceae,Pollinator
Lavandula angustifolia 'Hidcote Superior',English Lavender,Shrub (evergreen),Fall,Exotic,None,Lamiaceae,Pollinator
Lavandula dentata var. candicans,French Lavender,Shrub (evergreen),Spring,Exotic,None,Lamiaceae,Pollinator
Lavandula dentata var. candicans,French Lavender,Shrub (evergreen),Summer,Exotic,None,Lamiaceae,Pollinator
Lavandula dentata var. candicans,French Lavender,Shrub (evergreen),Fall,Exotic,None,Lamiaceae,Pollinator
Lavandula dentata var. candicans,French Lavender,Shrub (evergreen),Winter,Exotic,None,Lamiaceae,Pollinator
Lavandula 'Goodwin Creek Grey',Goodwin Creek Lavender,Shrub (evergreen),Spring,Exotic,None,Lamiaceae,Pollinator
Lavandula 'Goodwin Creek Grey',Goodwin Creek Lavender,Shrub (evergreen),Summer,Exotic,None,Lamiaceae,Pollinator
Lavandula 'Goodwin Creek Grey',Goodwin Creek Lavender,Shrub (evergreen),Fall,Exotic,None,Lamiaceae,Pollinator
Lavandula 'Goodwin Creek Grey',Goodwin Creek Lavender,Shrub (evergreen),Winter,Exotic,None,Lamiaceae,Pollinator
Lavandula multifida,Fern Leaf Lavender,Shrub (evergreen),Summer,Exotic,None,Lamiaceae,Pollinator
Lavandula multifida,Fern Leaf Lavender,Shrub (evergreen),Fall,Exotic,None,Lamiaceae,Pollinator
Lavandula spp.,Lavender,Shrub (evergreen),Spring,Exotic,None,Lamiaceae,Pollinator
Lavandula spp.,Lavender,Shrub (evergreen),Summer,Exotic,None,Lamiaceae,Pollinator
Lavandula spp.,Lavender,Shrub (evergreen),Fall,Exotic,None,Lamiaceae,Pollinator
Lavandula spp.,Lavender,Shrub (evergreen),Winter,Exotic,None,Lamiaceae,Pollinator
Lavandula stoechas 'Alba',Spanish White Lavender,Shrub (evergreen),Spring,Exotic,None,Lamiaceae,Pollinator
Lavandula stoechas 'Alba',Spanish White Lavender,Shrub (evergreen),Fall,Exotic,None,Lamiaceae,Pollinator
Lavandula stoechas 'Willow Vale',Spanish Lavender,Shrub (evergreen),Spring,Exotic,None,Lamiaceae,Pollinator
Lavandula stoechas 'Willow Vale',Spanish Lavender,Shrub (evergreen),Summer,Exotic,None,Lamiaceae,Pollinator
Lavandula x. intermedia 'Grosso',Purple Lavander,Shrub (evergreen),Summer,Exotic,None,Lamiaceae,Pollinator
Lavandula x. intermedia 'Grosso',Purple Lavander,Shrub (evergreen),Fall,Exotic,None,Lamiaceae,Pollinator
Lavatera  assurgentiflora,Tree Mallow,Shrub (evergreen),Spring,CA Native,None,Malvaceae,Pollinator
Lavatera  assurgentiflora,Tree Mallow,Shrub (evergreen),Summer,CA Native,None,Malvaceae,Pollinator
Lavatera  assurgentiflora,Tree Mallow,Shrub (evergreen),Fall,CA Native,None,Malvaceae,Pollinator
Layia platyglossa,Tidytips,Annual,Spring,SF Native,None,Asteraceae,Pollinator
Leonotis leonurus,Lion's Tail,Shrub (evergreen),Spring,Exotic,Low,Lamiaceae,Pollinator
Leonotis leonurus,Lion's Tail,Shrub (evergreen),Summer,Exotic,Low,Lamiaceae,Pollinator
Leonotis leonurus,Lion's Tail,Shrub (evergreen),Fall,Exotic,Low,Lamiaceae,Pollinator
Leonotis leonurus,Lion's Tail,Shrub (evergreen),Winter,Exotic,Low,Lamiaceae,Pollinator
Lepechinia calycina,"White Pitcher Sage, Woodbalm, Pitcher Sage",Shrub (evergreen),Spring,SF Native,None,Lamiaceae,Cover
Lepechinia calycina,"White Pitcher Sage, Woodbalm, Pitcher Sage",Shrub (evergreen),Summer,SF Native,None,Lamiaceae,Cover
Leptosiphon grandiflorus,Large-flower linanthus,Annual,Spring,SF Native,None,Polemoniaceae,None
Leptosyne calliopsidea,Leafy-stemmed Coreopsis,Annual,Spring,CA Native,Low,Asteraceae,Pollinator
Leptosyne calliopsidea,Leafy-stemmed Coreopsis,Annual,Winter,CA Native,Low,Asteraceae,Pollinator
Lessingia filaginifolia,California Aster,Perennial,Summer,SF Native,None,Asteraceae,Pollinator
Lessingia filaginifolia,California Aster,Perennial,Fall,SF Native,None,Asteraceae,Pollinator
Leucadendron hybrids,Leucadendron,Shrub (evergreen),Spring,Exotic,Low,Proteaceae,Cover
Leucadendron hybrids,Leucadendron,Shrub (evergreen),Summer,Exotic,Low,Proteaceae,Cover
Leucadendron hybrids,Leucadendron,Shrub (evergreen),Winter,Exotic,Low,Proteaceae,Cover
Leucadendron Salignum,Common Sunshine Conebush,Shrub (evergreen),Winter,Exotic,None,Proteaceae,None
Leucophyllum spp.,Texas Ranger,Shrub (evergreen),Summer,Exotic,Low,Scrophulariaceae,Pollinator
Leucophyllum spp.,Texas Ranger,Shrub (evergreen),Fall,Exotic,Low,Scrophulariaceae,Pollinator
Leucospermum spp.,Pincushion Plant,Shrub (evergreen),Spring,Exotic,Low,Proteaceae,None
Leucospermum spp.,Pincushion Plant,Shrub (evergreen),Winter,Exotic,Low,Proteaceae,None
Libertia peregrinans,Orange Libertia,Perennial,Spring,Exotic,Low,Iridaceae,None
Limonium californicum,Sea Lavender,Perennial,Summer,SF Native,Moderate,Plumbaginaceae,Buds/greens
Limonium perezii,Sea Lavender,Perennial,Summer,Exotic,Low,Plumbaginaceae,None
Linaria purpurea,Purple Toadflax,Perennial,Spring,Exotic,None,Plantaginaceae,Pollinator
Linaria purpurea,Purple Toadflax,Perennial,Summer,Exotic,None,Plantaginaceae,Pollinator
Linaria purpurea,Purple Toadflax,Perennial,Fall,Exotic,None,Plantaginaceae,Pollinator
Linaria purpurea,Purple Toadflax,Perennial,Winter,Exotic,None,Plantaginaceae,Pollinator
Lobelia laxiflora,Mexican Lobelia,Perennial,Summer,Exotic,Low,Lobelioideae,Pollinator
Lomandra Longifolia ‘Breeze’,Lomondra,Grass,Summer,Exotic,Low,Asparagaceae,None
Lomatium californicum,California Celery,Perennial,Spring,CA Native,Low,Apiaceae,Buds/greens
Lonicera hispidula,California Honeysuckle,Vine,Summer,SF Native,Low,Caprifoliaceae,Fruit
Lonicera involucrata,Twinberry Honeysuckle,Shrub (deciduous),Summer,SF Native,Low,Caprifoliaceae,Fruit
Lophostemon confertus,Brisbane Box,Tree (evergreen),Spring,Exotic,Low,Myrtaceae,None
Lophostemon confertus,Brisbane Box,Tree (evergreen),Summer,Exotic,Low,Myrtaceae,None
Lotus berthelotii,Parrot's Beak,Perennial,Summer,Exotic,Low,Fabaceae,None
Lupinus albifrons,Silver Lupine,Perennial,Spring,CA Native,None,Fabaceae,Buds/greens
Lupinus albifrons,Silver Lupine,Perennial,Summer,CA Native,None,Fabaceae,Buds/greens
Lupinus arboreus,Yellow Bush Lupine,Shrub (evergreen),Spring,SF Native,None,Fabaceae,Pollinator
Lupinus argenteus,Silvery Lupine,Shrub (evergreen),Summer,CA Native,None,Fabaceae,Pollinator
Lupinus bicolor,Miniature Lupine,Annual,Spring,SF Native,None,Fabaceae,Cover
Lupinus chamissonis,Silver Dune Lupine,Shrub (evergreen),Spring,SF Native,None,Fabaceae,Pollinator
Lupinus propinquus,Violet-flowered Lupine,Perennial,Spring,CA Native,None,Fabaceae,Pollinator
Lupinus propinquus,Violet-flowered Lupine,Perennial,Summer,CA Native,None,Fabaceae,Pollinator
Lupinus spp.,Lupine,Shrub (evergreen),Unknown,CA Native,None,Fabaceae,Pollinator
Lupinus variicolor,Varied Lupine,Perennial,Spring,SF Native,None,Fabaceae,Cover
Lupinus variicolor,Varied Lupine,Perennial,Summer,SF Native,None,Fabaceae,Cover
Lychnis coronaria,Rose Campion,Perennial,Summer,Exotic,Low,Caryophyllaceae,None
Lyonothamnus floribundus ssp. asplenifolius,Catalina Ironwood,Tree (evergreen),Spring,CA Native,Low,Rosaceae,None
Lyonothamnus floribundus ssp. asplenifolius,Catalina Ironwood,Tree (evergreen),Summer,CA Native,Low,Rosaceae,None
Lythrum californicum,Common loosestrife,Perennial,Spring,CA Native,Low,Lythraceae,Pollinator
Lythrum californicum,Common loosestrife,Perennial,Summer,CA Native,Low,Lythraceae,Pollinator
Macfadyena unguis-cati,Yellow Trumpet Vine,Vine,Summer,Exotic,,Bignoniaceae,Cover
Madia elegans densiflora,Elegant Madia,Annual,Summer,CA Native,None,Asteraceae,Pollinator
Madia sativa,Common Tarweed,Annual,Summer,SF Native,None,Asteraceae,Fruit
Magnolia champaca,Champak;Golden Champaca,Tree (evergreen),Spring,Exotic,Low,Magnoliaceae,None
Magnolia champaca,Champak;Golden Champaca,Tree (evergreen),Summer,Exotic,Low,Magnoliaceae,None
Magnolia doltsopa,Sweet Michelia,Tree (evergreen),Spring,Exotic,Low,Magnoliaceae,None
Magnolia grandiflora 'Little Gem',Little Gem Magnolia,Tree (evergreen),Summer,Exotic,Low,Magnoliaceae,None
Magnolia grandiflora 'Little Gem',Little Gem Magnolia,Tree (evergreen),Fall,Exotic,Low,Magnoliaceae,None
Magnolia grandiflora 'Majestic Beauty',Majestic Magnolia,Tree (evergreen),Unknown,Exotic,Low,Magnoliaceae,None
Mahonia repens,Creeping Mahonia,Shrub (evergreen),Spring,CA Native,Low,Berberidaceae,Fruit
Mahonia repens,Creeping Mahonia,Shrub (evergreen),Summer,CA Native,Low,Berberidaceae,Fruit
Malva assurgentiflora,"Malva Rosa, Island Mallow",Shrub (evergreen),Spring,CA Native,Low,Malvaceae,Buds/greens
Malva assurgentiflora,"Malva Rosa, Island Mallow",Shrub (evergreen),Summer,CA Native,Low,Malvaceae,Buds/greens
Malva assurgentiflora,"Malva Rosa, Island Mallow",Shrub (evergreen),Winter,CA Native,Low,Malvaceae,Buds/greens
Malvastrum lateritium,Trailing mallow,Shrub (evergreen),Summer,Exotic,None,Malvaceae,None
Malvastrum lateritium,Trailing mallow,Shrub (evergreen),Fall,Exotic,None,Malvaceae,None
Marah fabacea,Wild Cucumber/Manroot,Vine,Spring,SF Native,None,Cucurbitales,Fruit
Marah oregana,Coast Manroot,Vine,Spring,SF Native,Low,Cucurbitales,Fruit
Melaleuca linariifolia,Flax-leaf paperbark,Tree (evergreen),Unknown,Exotic,Low,Myrtaceae,None
Melaleuca quinquenervia,Broad-leaf paperbark,Tree (evergreen),Summer,Exotic,Low,Myrtaceae,None
Melaleuca quinquenervia,Broad-leaf paperbark,Tree (evergreen),Fall,Exotic,Low,Myrtaceae,None
Melianthus major,Honey Bush,Shrub (evergreen),Spring,Exotic,Low,Melianthaceae,Cover
Melianthus major,Honey Bush,Shrub (evergreen),Winter,Exotic,Low,Melianthaceae,Cover
Melica californica,California Melic,Grass,Summer,SF Native,None,Poaceae,Fruit
Melica imperfecta,Coast range melic,Grass,Spring,SF Native,None,Poaceae,None
Melica imperfecta,Coast range melic,Grass,Winter,SF Native,None,Poaceae,None
Melica torreyana,Torrey melic,Grass,Spring,SF Native,Low,Poaceae,Cover
Mentha spicata,Spearmint,Perennial,Summer,Exotic,Moderate,Lamiaceae,Pollinator
Mentha spicata,Spearmint,Perennial,Fall,Exotic,Moderate,Lamiaceae,Pollinator
Mentzelia lindleyi,Blazing Star,Annual,Spring,CA Native,None,Loasaceae,Pollinator
Metrosideros excelsa,New Zealand Christmas tree,Tree (evergreen),Spring,Exotic,Low,Myrtaceae,Fruit
Metrosideros excelsa,New Zealand Christmas tree,Tree (evergreen),Summer,Exotic,Low,Myrtaceae,Fruit
Metrosideros excelsa,New Zealand Christmas tree,Tree (evergreen),Fall,Exotic,Low,Myrtaceae,Fruit
Metrosideros excelsa,New Zealand Christmas tree,Tree (evergreen),Winter,Exotic,Low,Myrtaceae,Fruit
Mimulus aurantiacus,Sticky Monkeyflower,Shrub (evergreen),Spring,SF Native,None,Phrymaceae,Buds/greens
Mimulus aurantiacus,Sticky Monkeyflower,Shrub (evergreen),Summer,SF Native,None,Phrymaceae,Buds/greens
Mimulus cardinalis,Scarlet monkeyflower,Perennial,Spring,CA Native,Moderate,Phrymaceae,Pollinator
Mimulus cardinalis,Scarlet monkeyflower,Perennial,Summer,CA Native,Moderate,Phrymaceae,Pollinator
Mimulus guttatus,Creek monkeyflower,Perennial,Spring,SF Native,Moderate,Phrymaceae,Pollinator
Mimulus guttatus,Creek monkeyflower,Perennial,Summer,SF Native,Moderate,Phrymaceae,Pollinator
Miscanthus sinensis,Japanese silver grass,Grass,Summer,Exotic,Moderate,Poaceae,None
Monardella macrantha,red monardella,Perennial,Summer,CA Native,None,Lamiaceae,Pollinator
Monardella macrantha,red monardella,Perennial,Fall,CA Native,None,Lamiaceae,Pollinator
Monardella odoratissima,Mountain Monardella,Perennial,Summer,CA Native,Low,Lamiaceae,Pollinator
Monardella villosa,Coyote Mint,Perennial,Summer,SF Native,None,Lamiaceae,Pollinator
Monardella villosa franciscana,San Francisco coyote mint,Perennial,Spring,SF Native,None,Lamiaceae,Pollinator
Monardella villosa franciscana,San Francisco coyote mint,Perennial,Summer,SF Native,None,Lamiaceae,Pollinator
Morella californica,"California Wax Myrtle, Pacific Bayberry",Tree (evergreen),Summer,SF Native,Moderate,Myricaceae,Cover
Muhlenbergia lindheimeri,Lindheimer's muhly grass,Grass,Fall,Exotic,None,Poaceae,None
Muhlenbergia lindheimeri,Lindheimer's muhly grass,Grass,Winter,Exotic,None,Poaceae,None
Muhlenbergia rigens,Deer Grass,Grass,Spring,CA Native,Low,Poaceae,Nesting
Myoporum parvifolium,Myoporum,Shrub (evergreen),Summer,Exotic,None,Myoporaceae,None
Myrtus communis,Common Myrtle,Shrub (evergreen),Spring,Exotic,None,Myrtaceae,Pollinator
Myrtus communis,Common Myrtle,Shrub (evergreen),Summer,Exotic,None,Myrtaceae,Pollinator
Myrtus communis compacta,Dwarf Myrtle,Shrub (evergreen),Spring,Exotic,None,Myrtaceae,Fruit
Myrtus communis compacta,Dwarf Myrtle,Shrub (evergreen),Summer,Exotic,None,Myrtaceae,Fruit
Nandina domestica,Heavenly Bamboo,Shrub (evergreen),Spring,Exotic,Low,Berberidaceae,None
Nandina domestica,Heavenly Bamboo,Shrub (evergreen),Summer,Exotic,Low,Berberidaceae,None
Narcissus hybrids,Daffodil or Narcissus,Perennial,Unknown,Exotic,None,Amaryllidaceae,None
Nepeta cataria,Catnip,Perennial,Summer,Exotic,None,Lamiaceae,Pollinator
Nepeta cataria,Catnip,Perennial,Fall,Exotic,None,Lamiaceae,Pollinator
Nepeta racemosa,Cat Mint,Perennial,Summer,Exotic,Low,Lamiaceae,Pollinator
Nepeta spp.,catmint,Perennial,Summer,Exotic,Low,Lamiaceae,None
Nepeta spp.,catmint,Perennial,Fall,Exotic,Low,Lamiaceae,None
Nepeta x faassenii,Catmint,Perennial,Summer,Exotic,Low,Lamiaceae,Pollinator
Nepeta x faassenii,Catmint,Perennial,Fall,Exotic,Low,Lamiaceae,Pollinator
Nolina bigelovii,Bear Grass,Shrub (evergreen),Summer,CA Native,None,Ruscaceae,None
Oemleria cerasiformis,"Indian plum,  Oso berry",Shrub (deciduous),Spring,SF Native,Low,Rosaceae,Fruit
Oemleria cerasiformis,"Indian plum,  Oso berry",Shrub (deciduous),Summer,SF Native,Low,Rosaceae,Fruit
Oenanthe sarmentosa,"Ditch-carrot, Water Parsley",Perennial,Spring,SF Native,Moderate,Apiaceae,Buds/greens
Oenanthe sarmentosa,"Ditch-carrot, Water Parsley",Perennial,Summer,SF Native,Moderate,Apiaceae,Buds/greens
Oenothera elata ssp. hirsutissima,Hairy Evening Primrose,Perennial,Summer,CA Native,None,Onagraceae,Pollinator
Oenothera elata ssp. hirsutissima,Hairy Evening Primrose,Perennial,Fall,CA Native,None,Onagraceae,Pollinator
Oenothera elata ssp. hookeri,Hooker's Evening Primrose,Perennial,Summer,SF Native,None,Onagraceae,Pollinator
Oenothera speciosa,Mexican Evening Primrose,Perennial,Summer,Exotic,Low,Onagraceae,Pollinator
Oenothera speciosa,Mexican Evening Primrose,Perennial,Fall,Exotic,Low,Onagraceae,Pollinator
Olea europaea,Fruitless Olive,Tree (evergreen),Spring,Exotic,Moderate,Oleaceae,Cover
Olea europaea,Fruitless Olive,Tree (evergreen),Summer,Exotic,Moderate,Oleaceae,Cover
Origanum dictamnus,"Dittany of Crete, Hop Marjoram",Perennial,Summer,Exotic,None,Lamiaceae,Pollinator
Osteospermum fruitcosum,African Daisy,Perennial,Summer,Exotic,Low,Asteraceae,None
Oxalis oregana,Redwood sorrel,Perennial,Spring,CA Native,Low,Oxalidaceae,Pollinator
Panicum virgatum,Switchgrass,Grass,Summer,CA Native,Moderate,Poaceae,None
Panicum virgatum,Switchgrass,Grass,Fall,CA Native,Moderate,Poaceae,None
Panicum virgatum,Switchgrass,Grass,Winter,CA Native,Moderate,Poaceae,None
Passiflora caerulea,Passion Vine,Vine,Spring,Exotic,None,Passifloraceae,Pollinator
Passiflora caerulea,Passion Vine,Vine,Summer,Exotic,None,Passifloraceae,Pollinator
Pelargonium graveolens,"Scented Geranium

  Scented Geranium",Perennial,Spring,Exotic,None,Geraniaceae,Pollinator
Pelargonium peltatum,Ivy Geranium,Perennial,Spring,Exotic,None,Geraniaceae,None
Pelargonium peltatum,Ivy Geranium,Perennial,Summer,Exotic,None,Geraniaceae,None
Pelargonium peltatum,Ivy Geranium,Perennial,Fall,Exotic,None,Geraniaceae,None
Pelargonium peltatum,Ivy Geranium,Perennial,Winter,Exotic,None,Geraniaceae,None
Pelargonium sidioides,Geranium,Perennial,Spring,Exotic,Low,Geraniaceae,None
Pelargonium sidioides,Geranium,Perennial,Summer,Exotic,Low,Geraniaceae,None
Pelargonium sidioides,Geranium,Perennial,Fall,Exotic,Low,Geraniaceae,None
Pelargonium sidioides,Geranium,Perennial,Winter,Exotic,Low,Geraniaceae,None
Pellaea andromedifolia,coffee fern,Fern,Unknown,SF Native,None,Pteridaceae,None
Penstemon centranthifolius,Scarlet Bugler,Perennial,Spring,CA Native,Low,Plantaginaceae,Pollinator
Penstemon centranthifolius,Scarlet Bugler,Perennial,Summer,CA Native,Low,Plantaginaceae,Pollinator
Penstemon heterophyllus,Penstemon,Perennial,Summer,CA Native,Low,Plantaginaceae,Pollinator
Penstemon heterophyllus varieties,Penstemon,Perennial,Spring,CA Native,None,Plantaginaceae,Pollinator
Penstemon heterophyllus varieties,Penstemon,Perennial,Summer,CA Native,None,Plantaginaceae,Pollinator
Penstemon parryi,"Desert Penstemon, Parry's beardtongue",Perennial,Spring,Exotic,None,Scrophulariaceae,Pollinator
Penstemon pinifolius,Pineneedle Beardtongue,Perennial,Spring,Exotic,Low,Scrophulariaceae,Pollinator
Penstemon pinifolius,Pineneedle Beardtongue,Perennial,Summer,Exotic,Low,Scrophulariaceae,Pollinator
Penstemon spp.,Penstemon,Perennial,Unknown,Exotic,Low,Scrophulariaceae,Pollinator
Perovskia atriplicifolia,Russian Sage,Perennial,Summer,Exotic,Low,Lamiaceae,Pollinator
Perovskia atriplicifolia,Russian Sage,Perennial,Fall,Exotic,Low,Lamiaceae,Pollinator
Persicaria amphibia,Water Smartweed,Perennial,Summer,SF Native,Moderate,Polygonaceae,None
Persicaria amphibia,Water Smartweed,Perennial,Fall,SF Native,Moderate,Polygonaceae,None
Persicaria lapathifolia,Common Knotweed,Annual,Summer,SF Native,Moderate,Polygonaceae,None
Persicaria lapathifolia,Common Knotweed,Annual,Fall,SF Native,Moderate,Polygonaceae,None
Persicaria punctata,Dotted Smartweed,Perennial,Summer,SF Native,Moderate,Polygonaceae,None
Persicaria punctata,Dotted Smartweed,Perennial,Fall,SF Native,Moderate,Polygonaceae,None
Phacelia californica,California Phacelia,Perennial,Summer,SF Native,None,Boraginaceae,Buds/greens
Phacelia campanularia,"CA. Desert Bluebells

Bluebells",Annual,Spring,CA Native,None,Boraginaceae,Pollinator
Phacelia cicutaria,Caterpillar phacelia,Annual,Spring,CA Native,None,Boraginaceae,Pollinator
Phacelia cicutaria,Caterpillar phacelia,Annual,Summer,CA Native,None,Boraginaceae,Pollinator
Phacelia distans,Distant phacelia,Annual,Spring,SF Native,None,Boraginaceae,Pollinator
Phacelia distans,Distant phacelia,Annual,Summer,SF Native,None,Boraginaceae,Pollinator
Phacelia grandiflora,Large-flower phacelia,Annual,Spring,CA Native,None,Boraginaceae,Pollinator
Phacelia malvifolia,Stinging Phacelia,Annual,Spring,SF Native,None,Boraginaceae,Pollinator
Phacelia malvifolia,Stinging Phacelia,Annual,Summer,SF Native,None,Boraginaceae,Pollinator
Phacelia minor,California bluebell,Annual,Spring,CA Native,None,Boraginaceae,Pollinator
Phacelia tanacetifolia,Tansy phacelia,Annual,Spring,CA Native,None,Boraginaceae,Pollinator
Phacelia tanacetifolia,Tansy phacelia,Annual,Summer,CA Native,None,Boraginaceae,Pollinator
Phacelia viscida,Sticky phacelia,Annual,Spring,CA Native,None,Boraginaceae,Pollinator
Phacelia viscida,Sticky phacelia,Annual,Summer,CA Native,None,Boraginaceae,Pollinator
Phalaris californica,California Canarygrass,Grass,Spring,SF Native,Low,Poaceae,Buds/greens
Philadelphus lewisii,Native mock orange,Shrub (deciduous),Spring,CA Native,Low,Hydrangeaceae,Cover
Philadelphus lewisii,Native mock orange,Shrub (deciduous),Summer,CA Native,Low,Hydrangeaceae,Cover
Philotheca verrucosa 'Starbright',Fairy Wax Flower,Shrub (evergreen),Spring,Exotic,None,Rutaceae,None
Philotheca verrucosa 'Starbright',Fairy Wax Flower,Shrub (evergreen),Winter,Exotic,None,Rutaceae,None
Phlomis fruticosa,Jerusalem Sage,Shrub (evergreen),Spring,Exotic,Low,Lamiaceae,None
Phlomis fruticosa,Jerusalem Sage,Shrub (evergreen),Summer,Exotic,Low,Lamiaceae,None
Phlomis lanata,Small Jerusalem Sage,Shrub (evergreen),Spring,Exotic,None,Lamiaceae,None
Phlomis lanata,Small Jerusalem Sage,Shrub (evergreen),Summer,Exotic,None,Lamiaceae,None
Phlomis lanata,Small Jerusalem Sage,Shrub (evergreen),Fall,Exotic,None,Lamiaceae,None
Phlomis lanata,Small Jerusalem Sage,Shrub (evergreen),Winter,Exotic,None,Lamiaceae,None
Phormium 'Dusky Chief',New Zealand Flax,Perennial,Unknown,Exotic,Low,Phormiaceae,None
Phormium 'Jack Spratt',New Zealand Flax,Perennial,Unknown,Exotic,Low,Phormiaceae,None
Phormium tenax,New Zealand Flax,Perennial,Spring,Exotic,Low,Phormiaceae,None
Phormium 'Tiny Tiger',Dwarf Variegated New Zealand Flax,Perennial,Spring,Exotic,Low,Phormiaceae,None
Phormium 'Tiny Tiger',Dwarf Variegated New Zealand Flax,Perennial,Summer,Exotic,Low,Phormiaceae,None
Phormium 'Yellow Wave',New Zealand Flax,Perennial,Unknown,Exotic,Low,Phormiaceae,None
Phyla nodiflora,Turkey Tangle Fogfruit,Perennial,Spring,CA Native,Low,Verbenaceae,Pollinator
Phyla nodiflora,Turkey Tangle Fogfruit,Perennial,Summer,CA Native,Low,Verbenaceae,Pollinator
Phyla nodiflora,Turkey Tangle Fogfruit,Perennial,Fall,CA Native,Low,Verbenaceae,Pollinator
Physocarpus capitatus,Pacific ninebark,Shrub (deciduous),Spring,CA Native,Low,Rosaceae,Cover
Physocarpus capitatus,Pacific ninebark,Shrub (deciduous),Summer,CA Native,Low,Rosaceae,Cover
Pinus contorta var. contorta,Shore Pine,Tree (evergreen),Spring,CA Native,Moderate,Pinaceae,None
Pinus muricata,Bishop Pine,Tree (evergreen),Spring,CA Native,Moderate,Pinaceae,Buds/greens
Pistacia chinensis 'Keith Davey',Chinese Pistache,Tree (deciduous),Unknown,Exotic,Low,Anacardiaceae,None
Plantago elongata,Coastal Plantain,Annual,Spring,SF Native,Moderate,Plantaginaceae,Buds/greens
Plantago erecta,Prarie Plantain,Annual,Spring,SF Native,None,Plantaginaceae,Pollinator
Plantago maritima,Seaside plantain,Perennial,Spring,SF Native,Low,Plantaginaceae,Buds/greens
Plantago maritima,Seaside plantain,Perennial,Summer,SF Native,Low,Plantaginaceae,Buds/greens
Plantago subnuda,tall coastal plantain,Perennial,Spring,SF Native,Moderate,Plantaginaceae,Pollinator
Plantago subnuda,tall coastal plantain,Perennial,Summer,SF Native,Moderate,Plantaginaceae,Pollinator
Platanus racemosa,California sycamore,Tree (deciduous),Spring,CA Native,Moderate,Platanaceae,Pollinator
Platanus racemosa,California sycamore,Tree (deciduous),Winter,CA Native,Moderate,Platanaceae,Pollinator
Platanus racemosa 'Roberts',California Sycamore 'Roberts',Tree (deciduous),Spring,CA Native,Moderate,Platanaceae,Cover
Platanus x acerifolia 'Columbia',London Plane Tree,Tree (deciduous),Unknown,Exotic,Low,Platanaceae,None
Pleuropogon californicus,semaphore grass,Grass,Spring,SF Native,Moderate,Poaceae,None
Pleuropogon californicus,semaphore grass,Grass,Summer,SF Native,Moderate,Poaceae,None
Pluchea odorata,Salt marsh fleabane,Perennial,Summer,CA Native,Moderate,Asteraceae,Buds/greens
Pluchea odorata,Salt marsh fleabane,Perennial,Fall,CA Native,Moderate,Asteraceae,Buds/greens
Poa unilateralis,San Francisco bluegrass,Grass,Spring,SF Native,Low,Poaceae,None
Polygala fruticosa ‘petite butterflies',Sweet Pea Shrub,Shrub (evergreen),Spring,Exotic,Low,Polygalaceae,None
Polygala fruticosa ‘petite butterflies',Sweet Pea Shrub,Shrub (evergreen),Summer,Exotic,Low,Polygalaceae,None
Polygala fruticosa ‘petite butterflies',Sweet Pea Shrub,Shrub (evergreen),Fall,Exotic,Low,Polygalaceae,None
Polygala fruticosa ‘petite butterflies',Sweet Pea Shrub,Shrub (evergreen),Winter,Exotic,Low,Polygalaceae,None
Polygonum paronychia,Beach/Dune Knotweed,Perennial,Spring,SF Native,None,Polygonaceae,Cover
Polygonum paronychia,Beach/Dune Knotweed,Perennial,Summer,SF Native,None,Polygonaceae,Cover
Polypodium californicum,Polypody Fern,Fern,Unknown,SF Native,Low,Polypodiaceae,None
Polypodium scouleri,leather leaf fern,Fern,Unknown,SF Native,Low,Polypodiaceae,None
Polystichum munitum,Western Sword Fern,Fern,Unknown,SF Native,Moderate,Dryopteridaceae,None
Populus fremontii,Fremont's Cottonwood,Shrub (deciduous),Spring,CA Native,Moderate,Salicaceae,Cover
Potentilla anserina ssp. pacifica,Silverweed,Perennial,Spring,SF Native,Moderate,Rosaceae,Cover
Potentilla fruticosa,Shrubby Cinquefoil,Shrub (evergreen),Summer,CA Native,None,Rosaceae,Pollinator
Potentilla fruticosa,Shrubby Cinquefoil,Shrub (evergreen),Fall,CA Native,None,Rosaceae,Pollinator
Prosartes hookeri,Hooker's fairy bells,Perennial,Spring,SF Native,Low,Liliaceae,None
Prosartes hookeri,Hooker's fairy bells,Perennial,Summer,SF Native,Low,Liliaceae,None
Prunella vulgaris var. lanceolata,Self Heal,Perennial,Summer,SF Native,Moderate,Lamiaceae,Cover
Prunus emarginata,Bitter cherry,Tree (deciduous),Spring,SF Native,Low,Rosaceae,Fruit
Prunus ilicifolia,Holly-leafed Cherry,Tree (evergreen),Spring,SF Native,None,Rosaceae,Cover
Prunus ilicifolia,Holly-leafed Cherry,Tree (evergreen),Winter,SF Native,None,Rosaceae,Cover
Prunus lyonii,Catalina Cherry,Tree (evergreen),Spring,CA Native,Low,Rosaceae,Cover
Prunus virginiana var. demissa,Western Chokecherry,Tree (deciduous),Spring,SF Native,Low,Rosaceae,Fruit
Pseudotsuga menziesii,Douglas Fir,Tree (evergreen),Spring,CA Native,Low,Pinaceae,Nesting
Pteridium aquilinum var. pubescens,Bracken Fern,Fern,Unknown,SF Native,Low,Dennstaedtiaceae,None
Punica granatum 'nana',Dwarf Pomegranate,Shrub (evergreen),Spring,Exotic,Low,Lythraceae,None
Punica granatum 'nana',Dwarf Pomegranate,Shrub (evergreen),Summer,Exotic,Low,Lythraceae,None
Punica granatum 'nana',Dwarf Pomegranate,Shrub (evergreen),Fall,Exotic,Low,Lythraceae,None
Punica granatum 'nana',Dwarf Pomegranate,Shrub (evergreen),Winter,Exotic,Low,Lythraceae,None
Puya spp.,Puya,Perennial,Unknown,Exotic,None,Bromeliaceae,Cover
Pyrus kawakamii,Evergreen Pear,Tree (evergreen),Spring,Exotic,Low,Rosaceae,None
Quercus agrifolia,Coast Live Oak,Tree (evergreen),Spring,SF Native,None,Fagaceae,Nesting
Quercus agrifolia,Coast Live Oak,Tree (evergreen),Winter,SF Native,None,Fagaceae,Nesting
Quercus chrysolepis,Canyon Live Oak,Tree (evergreen),Spring,SF Native,None,Fagaceae,Nesting
Quercus engelmannii,Engelmann Oak,Tree (deciduous),Spring,CA Native,Low,Fagaceae,Cover
Quercus lobata,Valley oak,Tree (deciduous),Spring,CA Native,Low,Fagaceae,Cover
Quercus lobata,Valley oak,Tree (deciduous),Winter,CA Native,Low,Fagaceae,Cover
Quercus suber,Cork Oak,Tree (evergreen),Unknown,Exotic,Low,Fagaceae,None
Quercus tomentella,Island Oak,Tree (evergreen),Spring,CA Native,Low,Fagaceae,Cover
Quercus tomentella,Island Oak,Tree (evergreen),Summer,CA Native,Low,Fagaceae,Cover
Quercus wislizeni,Interior Live Oak,Tree (evergreen),Spring,CA Native,None,Fagaceae,Nesting
Quillaja saponaria,Chilean Soapbark,Tree (evergreen),Summer,Exotic,Low,Rosaceae,Cover
Ranunculus californicus,California Buttercup,Perennial,Spring,SF Native,None,Ranunculaceae,Pollinator
Ranunculus californicus,California Buttercup,Perennial,Winter,SF Native,None,Ranunculaceae,Pollinator
Rhagodia spinescens,Australian Thorny Saltbush,Shrub (evergreen),Unknown,Exotic,None,Chenopodiaceae,None
Rhamnus crocea,Redberry,Shrub (evergreen),Winter,SF Native,Low,Rhamnaceae,Fruit
Rhaphiolepis indica,Indian Hawthorne,Shrub (evergreen),Spring,Exotic,Low,Rosaceae,None
Rhaphiolepis Indica 'Ballerina',Indian hawthorn,Shrub (evergreen),Spring,Exotic,None,Rosaceae,Pollinator
Rhaphiolepis Indica 'Ballerina',Indian hawthorn,Shrub (evergreen),Fall,Exotic,None,Rosaceae,Pollinator
Rhodocoma arida,Rhodocoma,Grass,Fall,Exotic,Low,Restionaceae,None
Rhodocoma arida,Rhodocoma,Grass,Winter,Exotic,Low,Restionaceae,None
Rhus integrifolia,Lemonade Berry,Shrub (evergreen),Spring,CA Native,None,Anacardiaceae,Pollinator
Ribes aureum,Golden Currant,Shrub (deciduous),Spring,CA Native,Low,Grossulariaceae,Fruit
Ribes malvaceum,chaparral currant,Shrub (evergreen),Spring,SF Native,None,Grossulariaceae,Pollinator
Ribes malvaceum,chaparral currant,Shrub (evergreen),Winter,SF Native,None,Grossulariaceae,Pollinator
Ribes menziesii,Canyon gooseberry,Shrub (deciduous),Spring,CA Native,None,Grossulariaceae,Cover
Ribes menziesii,Canyon gooseberry,Shrub (deciduous),Winter,CA Native,None,Grossulariaceae,Cover
Ribes sanguineum var. glutinosum,Pink Flowering Currant,Shrub (deciduous),Spring,SF Native,None,Grossulariaceae,Fruit
Ribes sanguineum var. glutinosum,Pink Flowering Currant,Shrub (deciduous),Winter,SF Native,None,Grossulariaceae,Fruit
Ribes speciosum,Fuchsia-flowered gooseberry,Shrub (evergreen),Spring,CA Native,None,Grossulariaceae,Fruit
Ribes speciosum,Fuchsia-flowered gooseberry,Shrub (evergreen),Winter,CA Native,None,Grossulariaceae,Fruit
Ribes spp.,Red flowering currant,Shrub (evergreen),Unknown,CA Native,Low,Grossulariaceae,Pollinator
Romneya coulteri,Matilija Poppy,Perennial,Spring,CA Native,None,Papaveraceae,Cover
Romneya coulteri,Matilija Poppy,Perennial,Summer,CA Native,None,Papaveraceae,Cover
Rosa banksiae,Lady Banks Rose,Vine,Spring,Exotic,Low,Rosaceae,Pollinator
Rosa californica,California Wild Rose,Shrub (deciduous),Spring,SF Native,Low,Rosaceae,Fruit
Rosa californica,California Wild Rose,Shrub (deciduous),Summer,SF Native,Low,Rosaceae,Fruit
Rosa gymnocarpa,Wood Rose/Dwarf Rose,Shrub (deciduous),Spring,SF Native,Low,Rosaceae,Fruit
Rosmarinus officinalis,Rosemary,Shrub (evergreen),Spring,Exotic,None,Lamiaceae,Pollinator
Rosmarinus officinalis,Rosemary,Shrub (evergreen),Summer,Exotic,None,Lamiaceae,Pollinator
Rosmarinus officinalis 'Prostratus',"Prostrate Rosemary, Creeping Rosemary",Perennial,Summer,Exotic,None,Lamiaceae,Pollinator
Rosmarinus officinalis 'Prostratus',"Prostrate Rosemary, Creeping Rosemary",Perennial,Fall,Exotic,None,Lamiaceae,Pollinator
Rubus pentalobus,Bramble,Shrub (evergreen),Summer,Exotic,None,Rosaceae,Pollinator
Rubus ursinus,California Blackberry,Shrub (deciduous),Spring,SF Native,None,Rosaceae,Fruit
Rubus ursinus,California Blackberry,Shrub (deciduous),Winter,SF Native,None,Rosaceae,Fruit
Rudbeckia californica,California coneflower,Perennial,Summer,CA Native,None,Asteraceae,Pollinator
Rudbeckia californica,California coneflower,Perennial,Fall,CA Native,None,Asteraceae,Pollinator
Rudbeckia hirta,Black-eyed Susan,Perennial,Spring,Exotic,None,Asteraceae,Pollinator
Rudbeckia hirta,Black-eyed Susan,Perennial,Summer,Exotic,None,Asteraceae,Pollinator
Rudbeckia hirta,Black-eyed Susan,Perennial,Fall,Exotic,None,Asteraceae,Pollinator
Rudbeckia hirta,Black-eyed Susan,Perennial,Winter,Exotic,None,Asteraceae,Pollinator
Rumex fueginus,Golden Dock,Perennial,Spring,SF Native,Moderate,Polygonaceae,Fruit
Rumex fueginus,Golden Dock,Perennial,Summer,SF Native,Moderate,Polygonaceae,Fruit
Rumex occidentalis,Western Dock,Perennial,Spring,SF Native,Moderate,Polygonaceae,None
Rumex occidentalis,Western Dock,Perennial,Summer,SF Native,Moderate,Polygonaceae,None
Salix laevigata,Red willow,Tree (deciduous),Spring,CA Native,Moderate,Salicaceae,Cover
Salix lasiandra,Yellow Willow,Tree (deciduous),Spring,SF Native,Moderate,Salicaceae,Cover
Salix lasiolepis,Arroyo Willow,Tree (deciduous),Spring,SF Native,Low,Salicaceae,Buds/greens
Salix lasiolepis,Arroyo Willow,Tree (deciduous),Winter,SF Native,Low,Salicaceae,Buds/greens
Salix lutea,Yellow Willow,Shrub (deciduous),Spring,CA Native,Moderate,Salicaceae,Pollinator
Salvia apiana,California White Sage,Shrub (evergreen),Spring,CA Native,None,Lamiaceae,Pollinator
Salvia apiana,California White Sage,Shrub (evergreen),Summer,CA Native,None,Lamiaceae,Pollinator
Salvia 'Bee's Bliss',Bee's Bliss Sage,Perennial,Spring,CA Native,None,Lamiaceae,Pollinator
Salvia brandegeei,Brandegee sage,Perennial,Spring,CA Native,None,Lamiaceae,Pollinator
Salvia brandegeei,Brandegee sage,Perennial,Summer,CA Native,None,Lamiaceae,Pollinator
Salvia brandegeei,Brandegee sage,Perennial,Fall,CA Native,None,Lamiaceae,Pollinator
Salvia brandegeei,Brandegee sage,Perennial,Winter,CA Native,None,Lamiaceae,Pollinator
Salvia chamaedryoides,"Germander Sage  

 Germander Sage  

 Germander Sage",Perennial,Spring,Exotic,None,Lamiaceae,Pollinator
Salvia chamaedryoides,"Germander Sage  

 Germander Sage  

 Germander Sage",Perennial,Summer,Exotic,None,Lamiaceae,Pollinator
Salvia chamaedryoides,"Germander Sage  

 Germander Sage  

 Germander Sage",Perennial,Fall,Exotic,None,Lamiaceae,Pollinator
Salvia chamaedryoides,"Germander Sage  

 Germander Sage  

 Germander Sage",Perennial,Winter,Exotic,None,Lamiaceae,Pollinator
Salvia clevelandii,Cleveland Sage,Shrub (evergreen),Spring,CA Native,None,Lamiaceae,Pollinator
Salvia clevelandii,Cleveland Sage,Shrub (evergreen),Summer,CA Native,None,Lamiaceae,Pollinator
Salvia coahuilensis,Coahuila Sage,Perennial,Summer,Exotic,None,Lamiaceae,Pollinator
Salvia coahuilensis,Coahuila Sage,Perennial,Fall,Exotic,None,Lamiaceae,Pollinator
Salvia greggii 'Alba',Autumn Sage,Shrub (evergreen),Summer,Exotic,None,Lamiaceae,Pollinator
Salvia greggii 'Alba',Autumn Sage,Shrub (evergreen),Fall,Exotic,None,Lamiaceae,Pollinator
Salvia greggii 'Salmon',Salmon Texas Sage,Shrub (evergreen),Spring,Exotic,None,Lamiaceae,Pollinator
Salvia greggii 'Salmon',Salmon Texas Sage,Shrub (evergreen),Fall,Exotic,None,Lamiaceae,Pollinator
Salvia 'Indigo Spires',Indigo Spires sage,Perennial,Spring,Exotic,None,Lamiaceae,Pollinator
Salvia 'Indigo Spires',Indigo Spires sage,Perennial,Summer,Exotic,None,Lamiaceae,Pollinator
Salvia 'Indigo Spires',Indigo Spires sage,Perennial,Fall,Exotic,None,Lamiaceae,Pollinator
Salvia 'Indigo Spires',Indigo Spires sage,Perennial,Winter,Exotic,None,Lamiaceae,Pollinator
Salvia leucantha,"Mexican Bush Sage, Velvet Sage",Shrub (evergreen),Summer,Exotic,None,Lamiaceae,Pollinator
Salvia leucantha,"Mexican Bush Sage, Velvet Sage",Shrub (evergreen),Fall,Exotic,None,Lamiaceae,Pollinator
Salvia leucophylla,Coast Purple Sage,Shrub (evergreen),Spring,CA Native,None,Lamiaceae,Pollinator
Salvia mellifera,Black sage,Shrub (evergreen),Spring,CA Native,None,Lamiaceae,Fruit
Salvia mellifera,Black sage,Shrub (evergreen),Summer,CA Native,None,Lamiaceae,Fruit
Salvia munzii,Munz's sage,Perennial,Spring,CA Native,None,Lamiaceae,Pollinator
Salvia munzii,Munz's sage,Perennial,Summer,CA Native,None,Lamiaceae,Pollinator
Salvia munzii,Munz's sage,Perennial,Fall,CA Native,None,Lamiaceae,Pollinator
Salvia munzii,Munz's sage,Perennial,Winter,CA Native,None,Lamiaceae,Pollinator
Salvia sonomensis,Creeping Sage,Perennial,Spring,CA Native,None,Lamiaceae,Cover
Salvia sonomensis,Creeping Sage,Perennial,Summer,CA Native,None,Lamiaceae,Cover
Salvia spathacea,Hummingbird Sage,Perennial,Spring,SF Native,None,Lamiaceae,Buds/greens
Salvia spathacea,Hummingbird Sage,Perennial,Summer,SF Native,None,Lamiaceae,Buds/greens
Salvia spathacea,Hummingbird Sage,Perennial,Winter,SF Native,None,Lamiaceae,Buds/greens
Salvia uliginosa,Bog sage,Perennial,Summer,Exotic,Moderate,Lamiaceae,Pollinator
Salvia uliginosa,Bog sage,Perennial,Fall,Exotic,Moderate,Lamiaceae,Pollinator
Sambucus nigra ssp. cerulea,Blue Elderberry,Tree (evergreen),Spring,SF Native,Low,Adoxaceae,Cover
Sambucus nigra ssp. cerulea,Blue Elderberry,Tree (evergreen),Summer,SF Native,Low,Adoxaceae,Cover
Sambucus racemosa,Red Elderberry,Shrub (deciduous),Summer,SF Native,Low,Adoxaceae,Fruit
Santolina chamaecyparissus,Lavender Cotton,Shrub (evergreen),Spring,Exotic,None,Asteraceae,None
Santolina chamaecyparissus,Lavender Cotton,Shrub (evergreen),Summer,Exotic,None,Asteraceae,None
Santolina rosmarinifolia,Green Santolina,Shrub (evergreen),Spring,Exotic,None,Asteraceae,None
Santolina spp.,Santolina,Shrub (evergreen),Summer,Exotic,Low,Asteraceae,None
Sarcococca hookeriana humilis,Sweet Sarcococca,Shrub (evergreen),Spring,Exotic,Low,Buxaceae,None
Scabiosa atropurpurea,Pincushion flower,Perennial,Summer,Exotic,None,Dipsacaceae,Pollinator
Schoenoplectus acutus var. occidentalis,Tule,Perennial,Spring,CA Native,Moderate,Cyperaceae,None
Schoenoplectus acutus var. occidentalis,Tule,Perennial,Summer,CA Native,Moderate,Cyperaceae,None
Schoenoplectus americanus,three square,Perennial,Summer,SF Native,Moderate,Cyperaceae,None
Schoenoplectus californicus,California Bulrush,Perennial,Spring,SF Native,Moderate,Cyperaceae,None
Schoenoplectus maritimus,Prairie bulrush,Grass,Fall,SF Native,Moderate,Cyperaceae,None
Schoenoplectus pungens var. badius,Common Threesquare,Perennial,Spring,SF Native,Moderate,Cyperaceae,None
Schoenoplectus pungens var. badius,Common Threesquare,Perennial,Summer,SF Native,Moderate,Cyperaceae,None
Scilla peruviana,Peruvian Scilla,Perennial,Spring,Exotic,Low,Hyacinthaceae,None
Scrophularia californica,California Bee Plant,Perennial,Spring,SF Native,None,Scrophulariaceae,Pollinator
Scrophularia californica,California Bee Plant,Perennial,Winter,SF Native,None,Scrophulariaceae,Pollinator
Sedum dendroideum,"Bush Sedum  

 Bush Sedum",Succulent,Spring,Exotic,None,Crassulaceae,None
Sedum dendroideum,"Bush Sedum  

 Bush Sedum",Succulent,Winter,Exotic,None,Crassulaceae,None
Sedum pachyphyllum,Stonecrop,Succulent,Summer,Exotic,None,Crassulaceae,None
Sedum palmeri,Hens and Chicks,Succulent,Spring,Exotic,None,Crassulaceae,None
Sedum palmeri,Hens and Chicks,Succulent,Winter,Exotic,None,Crassulaceae,None
Sedum rubrotinctum,Pork and Beans,Succulent,Spring,Exotic,None,Crassulaceae,None
Sedum rubrotinctum,Pork and Beans,Succulent,Winter,Exotic,None,Crassulaceae,None
Sedum spathulifolium,Broadleaf Stonecrop,Succulent,Spring,SF Native,Low,Crassulaceae,Buds/greens
Sedum spathulifolium,Broadleaf Stonecrop,Succulent,Summer,SF Native,Low,Crassulaceae,Buds/greens
Sempervivum montanum,Houseleek,Succulent,Summer,Exotic,None,Crassulaceae,None
Senecio amaniensis,Amani Senecio,Succulent,Summer,Exotic,None,Asteraceae,None
Senecio cineraria,Dusty Miller,Succulent,Spring,Exotic,Low,Asteraceae,None
Senecio cineraria,Dusty Miller,Succulent,Summer,Exotic,Low,Asteraceae,None
Senecio cineraria,Dusty Miller,Succulent,Fall,Exotic,Low,Asteraceae,None
Senecio cineraria,Dusty Miller,Succulent,Winter,Exotic,Low,Asteraceae,None
Senecio hydrophilus,Marsh Ragwort,Perennial,Spring,CA Native,Moderate,Asteraceae,None
Senecio hydrophilus,Marsh Ragwort,Perennial,Summer,CA Native,Moderate,Asteraceae,None
Senecio mandraliscae,Blue finger,Succulent,Summer,Exotic,None,Asteraceae,Cover
Senecio scaposus,Wooly senecio,Succulent,Summer,Exotic,None,Asteraceae,None
Senecio spp.,Blue Chalk Stalks,Shrub (evergreen),Unknown,Exotic,Low,Asteraceae,None
Sequoia sempervirens,Redwood,Tree (evergreen),Summer,CA Native,Moderate,Cupressaceae,Nesting
Sequoia sempervirens,Redwood,Tree (evergreen),Fall,CA Native,Moderate,Cupressaceae,Nesting
Sidalcea malviflora,Checkerbloom,Perennial,Spring,SF Native,None,Malvaceae,Buds/greens
Sidalcea malviflora,Checkerbloom,Perennial,Summer,SF Native,None,Malvaceae,Buds/greens
Silene californica,California Indian Pink,Perennial,Spring,CA Native,None,Caryophyllaceae,Pollinator
Silene californica,California Indian Pink,Perennial,Summer,CA Native,None,Caryophyllaceae,Pollinator
Silene laciniata,California Indian Pink,Perennial,Summer,CA Native,None,Caryophyllaceae,Pollinator
Sisyrinchium bellum,Blue-eyed Grass,Perennial,Spring,SF Native,None,Iridaceae,None
Sisyrinchium californicum,Yellow-eyed grass,Perennial,Spring,SF Native,Moderate,Iridaceae,Pollinator
Sisyrinchium californicum,Yellow-eyed grass,Perennial,Summer,SF Native,Moderate,Iridaceae,Pollinator
Solanum jasminoides,Potato Vine,Vine,Summer,Exotic,None,Solanaceae,Cover
Solanum jasminoides,Potato Vine,Vine,Fall,Exotic,None,Solanaceae,Cover
Solanum umbelliferum,NightShade,Perennial,Spring,SF Native,None,Solanaceae,Fruit
Solanum umbelliferum,NightShade,Perennial,Summer,SF Native,None,Solanaceae,Fruit
Solanum umbelliferum,NightShade,Perennial,Winter,SF Native,None,Solanaceae,Fruit
Solidago californica,Goldenrod,Perennial,Summer,SF Native,None,Asteraceae,Buds/greens
Solidago californica,Goldenrod,Perennial,Fall,SF Native,None,Asteraceae,Buds/greens
Solidago spathulata,Dune Goldenrod,Perennial,Spring,SF Native,None,Asteraceae,Buds/greens
Solidago spathulata,Dune Goldenrod,Perennial,Summer,SF Native,None,Asteraceae,Buds/greens
Solidago spathulata,Dune Goldenrod,Perennial,Fall,SF Native,None,Asteraceae,Buds/greens
Sphaeralcea ambigua,Globe Mallow,Perennial,Spring,CA Native,None,Malvaceae,Pollinator
Stachys byzantina,Lambs ears,Perennial,Spring,Exotic,None,Lamiaceae,None
Stipa arundinacea,Feather Grass,Grass,Summer,Exotic,None,Poaceae,None
Stipa lepida,Foothill needlegrass,Grass,Spring,SF Native,None,Poaceae,None
Stipa pulchra,Purple Needlegrass,Grass,Spring,SF Native,None,Poaceae,Nesting
Symphoricarpos albus,Common Snowberry,Shrub (deciduous),Summer,SF Native,Low,Caprifoliaceae,Cover
Symphoricarpos mollis,Trailing Snowberry,Shrub (deciduous),Spring,SF Native,Low,Caprifoliaceae,Cover
Symphoricarpos mollis,Trailing Snowberry,Shrub (deciduous),Summer,SF Native,Low,Caprifoliaceae,Cover
Symphyotrichum chilense,Wild Aster,Perennial,Summer,SF Native,None,Asteraceae,Buds/greens
Tanacetum bipinnatum,Dune Tansy,Perennial,Summer,SF Native,None,Asteraceae,None
Tanacetum bipinnatum,Dune Tansy,Perennial,Fall,SF Native,None,Asteraceae,None
Tanacetum haradjanii,Silver Tansy,Perennial,Summer,Exotic,Low,Asteraceae,None
Tanacetum parthenium,Feverfew,Perennial,Summer,Exotic,Low,Asteraceae,None
Tecomaria capensis,Cape Honeysuckle,Vine,Spring,Exotic,None,Bignoniaceae,Pollinator
Tecomaria capensis,Cape Honeysuckle,Vine,Fall,Exotic,None,Bignoniaceae,Pollinator
Tecomaria capensis,Cape Honeysuckle,Vine,Winter,Exotic,None,Bignoniaceae,Pollinator
Tellima grandiflora,Fringe Cups,Perennial,Spring,SF Native,Low,Saxifragaceae,Cover
Tellima grandiflora,Fringe Cups,Perennial,Summer,SF Native,Low,Saxifragaceae,Cover
Teucrium fruticans,Bush Germander,Shrub (evergreen),Summer,Exotic,Low,Lamiaceae,Pollinator
Teucrium fruticans,Bush Germander,Shrub (evergreen),Fall,Exotic,Low,Lamiaceae,Pollinator
Teucrium x lucidrys,Wall Germander,Perennial,Summer,Exotic,None,Lamiaceae,Pollinator
Thymus pseudolanuginosus,Wooly thyme,Perennial,Summer,Exotic,None,Lamiaceae,Pollinator
Thymus serpyllum 'Elfin',Creeping Thyme,Perennial,Summer,Exotic,None,Lamiaceae,Pollinator
Thymus spp.,Thyme,Perennial,Unknown,Exotic,Low,Lamiaceae,Pollinator
Thymus 'Victor Reiter',Victor Reiter Thyme,Perennial,Summer,Exotic,None,Lamiaceae,Pollinator
Trichostema lanatum,Woolly Blue Curls,Shrub (evergreen),Spring,CA Native,None,Lamiaceae,Pollinator
Trichostema lanatum,Woolly Blue Curls,Shrub (evergreen),Summer,CA Native,None,Lamiaceae,Pollinator
Trifolium fucatum,Bull Clover,Annual,Spring,SF Native,Moderate,Fabaceae,None
Trifolium gracilentum,Pinpoint Clover,Annual,Spring,SF Native,Low,Fabaceae,None
Trifolium variegatum,Whitetip Clover,Annual,Spring,SF Native,Low,Fabaceae,None
Trifolium variegatum,Whitetip Clover,Annual,Summer,SF Native,Low,Fabaceae,None
Trifolium willdenovii,Tomcat Clover,Annual,Spring,SF Native,None,Fabaceae,Pollinator
Trifolium wormskioldii,Cow Clover,Perennial,Spring,SF Native,Moderate,Fabaceae,None
Tristaniopsis laurina,Water Gum,Tree (evergreen),Spring,Exotic,None,Myrtaceae,None
Triteleia laxa,Ithuriel's Spear,Perennial,Spring,SF Native,None,Themidaceae,Pollinator
Triteleia laxa,Ithuriel's Spear,Perennial,Summer,SF Native,None,Themidaceae,Pollinator
Typha domingensis,Southern Cattail,Perennial,Spring,SF Native,Moderate,Typhaceae,Cover
Typha domingensis,Southern Cattail,Perennial,Summer,SF Native,Moderate,Typhaceae,Cover
Typha latifolia,Broadleaf Cattail,Perennial,Spring,SF Native,Moderate,Typhaceae,Cover
Ulmus parvifolia 'Drake',Chinese Elm,Tree (deciduous),Unknown,Exotic,Low,Ulmaceae,None
Umbellularia californica,California bay laurel,Tree (evergreen),Spring,SF Native,None,Lauraceae,Fruit
Urtica dioica ssp. gracilis,Stinging Nettle,Perennial,Spring,SF Native,Moderate,Urticaceae,Buds/greens
Urtica dioica ssp. gracilis,Stinging Nettle,Perennial,Summer,SF Native,Moderate,Urticaceae,Buds/greens
Urtica dioica ssp. holosericea,Hoary Nettle,Perennial,Summer,SF Native,Low,Urticaceae,Buds/greens
Vaccinium ovatum,Huckleberry,Shrub (evergreen),Spring,SF Native,Low,Ericaceae,Fruit
Vaccinium ovatum,Huckleberry,Shrub (evergreen),Winter,SF Native,Low,Ericaceae,Fruit
Verbena bonariensis,Purpletop Vervain,Annual,Spring,Exotic,Low,Verbenaceae,Pollinator
Verbena lasiostachys,Western Vervain,Perennial,Spring,CA Native,Low,Verbenaceae,Pollinator
Verbena lasiostachys,Western Vervain,Perennial,Summer,CA Native,Low,Verbenaceae,Pollinator
Verbena lilacina 'De La Mina',Cedros Island Verbena,Perennial,Spring,CA Native,None,Verbenaceae,Pollinator
Verbena lilacina 'De La Mina',Cedros Island Verbena,Perennial,Summer,CA Native,None,Verbenaceae,Pollinator
Viguiera parishii,Desert Goldeneye,Perennial,Spring,CA Native,None,Asteraceae,None
Viguiera parishii,Desert Goldeneye,Perennial,Summer,CA Native,None,Asteraceae,None
Vitex agnus-castus,Chaste Tree,Shrub (evergreen),Spring,Exotic,Low,Verbenaceae,Pollinator
Vitex agnus-castus,Chaste Tree,Shrub (evergreen),Summer,Exotic,Low,Verbenaceae,Pollinator
Vitis californica,California Wild Grape,Vine,Spring,CA Native,Low,Vitaceae,Cover
Westringia fruticosa,Coast Rosemary,Shrub (evergreen),Spring,Exotic,Low,Lamiaceae,Cover
Westringia fruticosa,Coast Rosemary,Shrub (evergreen),Summer,Exotic,Low,Lamiaceae,Cover
Westringia fruticosa,Coast Rosemary,Shrub (evergreen),Fall,Exotic,Low,Lamiaceae,Cover
Westringia fruticosa,Coast Rosemary,Shrub (evergreen),Winter,Exotic,Low,Lamiaceae,Cover
Whipplea modesta,Western modesty,Vine,Spring,CA Native,Low,Hydrangeaceae,Pollinator
Woodwardia frimbiata,Giant chain fern,Fern,Unknown,SF Native,Moderate,Blechnaceae,None
Wyethia angustifolia,Narrowleaf Mule Ears,Perennial,Spring,SF Native,None,Asteraceae,Pollinator
Wyethia angustifolia,Narrowleaf Mule Ears,Perennial,Summer,SF Native,None,Asteraceae,Pollinator
Yucca spp.,Bright Star Yucca,Shrub (evergreen),Unknown,CA Native,None,Agavaceae,None
Zeltnera venusta,Centaury,Annual,Spring,CA Native,None,Gentianaceae,Fruit
Zeltnera venusta,Centaury,Annual,Summer,CA Native,None,Gentianaceae,Fruit
Zeltnera venusta,Centaury,Annual,Fall,CA Native,None,Gentianaceae,Fruit
